variant,source_family,source_file,operation,beta,guard_factor,guard_group,badclean_count,badclean_max_poscos,file,basename,changed_rows_vs_e247,changed_cells_vs_e247,move_l1,move_l2,abs_Q1,abs_Q2,abs_Q3,abs_S1,abs_S2,abs_S3,abs_S4,opposite_only,support_actual_p90,support_actual_mean,support_source_transfer_auc
graft_raw_e247_body_vs_clean_cell_geometry_lr_l1_c0p2__b0.50,e286_support_graft,analysis_outputs/submission_e286_e247contrast_e247_body_vs_clean_cell_geometry_lr_l1_c0p2_anti_amp_ctrl_add_low_preserve_top5_d8b9a2d7.csv,graft_raw,0.5,1.0,none,0,0.0,analysis_outputs/submission_e354_e247support_graft_raw_e247_body_vs_clean_cell_geometry_lr_l1_c0p2__b0_50_0cb1ee92.csv,submission_e354_e247support_graft_raw_e247_body_vs_clean_cell_geometry_lr_l1_c0p2__b0_50_0cb1ee92.csv,248,630,4.694207327060131,0.44480246387432815,2.241007611389761,1.0298561624943101,0.29010879467249806,1.1240588133850626,0.0,0.009175945118500346,0.0,False,-4.493139560518299e-06,-8.784449058896192e-06,0.5
graft_raw_e247_body_vs_clean_cell_geometry_lr_l1_c0p2__b1.00,e286_support_graft,analysis_outputs/submission_e286_e247contrast_e247_body_vs_clean_cell_geometry_lr_l1_c0p2_anti_amp_ctrl_add_low_preserve_top5_d8b9a2d7.csv,graft_raw,1.0,1.0,none,0,0.0,analysis_outputs/submission_e354_e247support_graft_raw_e247_body_vs_clean_cell_geometry_lr_l1_c0p2__b1_00_9258061b.csv,submission_e354_e247support_graft_raw_e247_body_vs_clean_cell_geometry_lr_l1_c0p2__b1_00_9258061b.csv,248,630,4.7548927326933175,0.44759615925832996,2.241007611389761,1.0298561624943101,0.3507942003056832,1.1240588133850626,0.0,0.009175945118500346,0.0,False,-4.493139560518299e-06,-8.784449058896192e-06,0.5
graft_raw_e247_body_vs_clean_cell_geometry_lr_l1_c0p2__b1.50,e286_support_graft,analysis_outputs/submission_e286_e247contrast_e247_body_vs_clean_cell_geometry_lr_l1_c0p2_anti_amp_ctrl_add_low_preserve_top5_d8b9a2d7.csv,graft_raw,1.5,1.0,none,0,0.0,analysis_outputs/submission_e354_e247support_graft_raw_e247_body_vs_clean_cell_geometry_lr_l1_c0p2__b1_50_b2bdcee4.csv,submission_e354_e247support_graft_raw_e247_body_vs_clean_cell_geometry_lr_l1_c0p2__b1_50_b2bdcee4.csv,248,630,4.815578138326503,0.45221396665704655,2.241007611389761,1.0298561624943101,0.41147960593886845,1.1240588133850626,0.0,0.009175945118500346,0.0,False,-4.493139560518299e-06,-8.784449058896192e-06,0.5
graft_raw_e247_body_vs_clean_cell_geometry_lr_l1_c0p2__b2.00,e286_support_graft,analysis_outputs/submission_e286_e247contrast_e247_body_vs_clean_cell_geometry_lr_l1_c0p2_anti_amp_ctrl_add_low_preserve_top5_d8b9a2d7.csv,graft_raw,2.0,1.0,none,0,0.0,analysis_outputs/submission_e354_e247support_graft_raw_e247_body_vs_clean_cell_geometry_lr_l1_c0p2__b2_00_52d29a3f.csv,submission_e354_e247support_graft_raw_e247_body_vs_clean_cell_geometry_lr_l1_c0p2__b2_00_52d29a3f.csv,248,630,4.876263543959688,0.4586007865664313,2.241007611389761,1.0298561624943101,0.4721650115720536,1.1240588133850626,0.0,0.009175945118500346,0.0,False,-4.493139560518299e-06,-8.784449058896192e-06,0.5
graft_raw_e247_body_vs_clean_cell_geometry_lr_l1_c0p2__b3.00,e286_support_graft,analysis_outputs/submission_e286_e247contrast_e247_body_vs_clean_cell_geometry_lr_l1_c0p2_anti_amp_ctrl_add_low_preserve_top5_d8b9a2d7.csv,graft_raw,3.0,1.0,none,0,0.0,analysis_outputs/submission_e354_e247support_graft_raw_e247_body_vs_clean_cell_geometry_lr_l1_c0p2__b3_00_aaa50850.csv,submission_e354_e247support_graft_raw_e247_body_vs_clean_cell_geometry_lr_l1_c0p2__b3_00_aaa50850.csv,248,630,4.997634355226058,0.47637724637824386,2.241007611389761,1.0298561624943101,0.593535822838424,1.1240588133850626,0.0,0.009175945118500346,0.0,False,-4.493139560518299e-06,-8.784449058896192e-06,0.5
graft_raw_e247_body_vs_clean_cell_geometry_lr_l2_c0p3__b0.50,e286_support_graft,analysis_outputs/submission_e286_e247contrast_e247_body_vs_clean_cell_geometry_lr_l2_c0p3_raw_ctrl_add_low_preserve_top5_0d148e41.csv,graft_raw,0.5,1.0,none,0,0.0,analysis_outputs/submission_e354_e247support_graft_raw_e247_body_vs_clean_cell_geometry_lr_l2_c0p3__b0_50_8aabf95b.csv,submission_e354_e247support_graft_raw_e247_body_vs_clean_cell_geometry_lr_l2_c0p3__b0_50_8aabf95b.csv,248,630,4.674272494160466,0.4443622172173714,2.241007611389761,1.0298561624943101,0.2701739617728317,1.1240588133850626,0.0,0.009175945118500346,0.0,False,-4.384434150699312e-06,-6.6143805178602e-06,0.4615384615384615
graft_raw_e247_body_vs_clean_cell_geometry_lr_l2_c0p3__b0.50,e286_support_graft,analysis_outputs/submission_e286_e247contrast_e247_body_vs_clean_cell_geometry_lr_l2_c0p3_smooth_weighted_ctrl_add_low_preserve_top5_27ab2576.csv,graft_raw,0.5,1.0,none,0,0.0,analysis_outputs/submission_e354_e247support_graft_raw_e247_body_vs_clean_cell_geometry_lr_l2_c0p3__b0_50_b2e97e9b.csv,submission_e354_e247support_graft_raw_e247_body_vs_clean_cell_geometry_lr_l2_c0p3__b0_50_b2e97e9b.csv,248,630,4.677223461451318,0.44440658422369433,2.241007611389761,1.0298561624943101,0.2731249290636844,1.1240588133850626,0.0,0.009175945118500346,0.0,False,-3.897806541310514e-06,-6.227485215777583e-06,0.4615384615384615
graft_raw_e247_body_vs_clean_cell_geometry_lr_l2_c0p3__b0.50,e286_support_graft,analysis_outputs/submission_e286_e247contrast_e247_body_vs_clean_cell_geometry_lr_l2_c0p3_smooth_weighted_ctrl_add_low_preserve_top3_67c7d752.csv,graft_raw,0.5,1.0,none,0,0.0,analysis_outputs/submission_e354_e247support_graft_raw_e247_body_vs_clean_cell_geometry_lr_l2_c0p3__b0_50_88653e3b.csv,submission_e354_e247support_graft_raw_e247_body_vs_clean_cell_geometry_lr_l2_c0p3__b0_50_88653e3b.csv,248,628,4.651857541366144,0.4439983364968212,2.241007611389761,1.0298561624943101,0.24775900897850983,1.1240588133850626,0.0,0.009175945118500346,0.0,False,-3.2351964156467454e-06,-4.857012616218415e-06,0.4615384615384615
graft_raw_e247_body_vs_clean_cell_geometry_lr_l2_c0p3__b0.50,e286_support_graft,analysis_outputs/submission_e286_e247contrast_e247_body_vs_clean_cell_geometry_lr_l2_c0p3_raw_ctrl_add_low_preserve_top3_f89fbfd6.csv,graft_raw,0.5,1.0,none,0,0.0,analysis_outputs/submission_e354_e247support_graft_raw_e247_body_vs_clean_cell_geometry_lr_l2_c0p3__b0_50_ecf3f349.csv,submission_e354_e247support_graft_raw_e247_body_vs_clean_cell_geometry_lr_l2_c0p3__b0_50_ecf3f349.csv,248,628,4.652625749917145,0.444006678801893,2.241007611389761,1.0298561624943101,0.248527217529511,1.1240588133850626,0.0,0.009175945118500346,0.0,False,-2.9830515524425585e-06,-4.319278459338452e-06,0.4615384615384615
graft_raw_e247_body_vs_clean_cell_geometry_lr_l2_c0p3__b1.00,e286_support_graft,analysis_outputs/submission_e286_e247contrast_e247_body_vs_clean_cell_geometry_lr_l2_c0p3_raw_ctrl_add_low_preserve_top5_0d148e41.csv,graft_raw,1.0,1.0,none,0,0.0,analysis_outputs/submission_e354_e247support_graft_raw_e247_body_vs_clean_cell_geometry_lr_l2_c0p3__b1_00_70369cd3.csv,submission_e354_e247support_graft_raw_e247_body_vs_clean_cell_geometry_lr_l2_c0p3__b1_00_70369cd3.csv,248,630,4.715023066893984,0.4458435988880739,2.241007611389761,1.0298561624943101,0.3109245345063506,1.1240588133850626,0.0,0.009175945118500346,0.0,False,-4.384434150699312e-06,-6.6143805178602e-06,0.4615384615384615
graft_raw_e247_body_vs_clean_cell_geometry_lr_l2_c0p3__b1.00,e286_support_graft,analysis_outputs/submission_e286_e247contrast_e247_body_vs_clean_cell_geometry_lr_l2_c0p3_smooth_weighted_ctrl_add_low_preserve_top5_27ab2576.csv,graft_raw,1.0,1.0,none,0,0.0,analysis_outputs/submission_e354_e247support_graft_raw_e247_body_vs_clean_cell_geometry_lr_l2_c0p3__b1_00_d4b1282c.csv,submission_e354_e247support_graft_raw_e247_body_vs_clean_cell_geometry_lr_l2_c0p3__b1_00_d4b1282c.csv,248,630,4.72092500147569,0.44602045100376553,2.241007611389761,1.0298561624943101,0.316826469088056,1.1240588133850626,0.0,0.009175945118500346,0.0,False,-3.897806541310514e-06,-6.227485215777583e-06,0.4615384615384615
graft_raw_e247_body_vs_clean_cell_geometry_lr_l2_c0p3__b1.00,e286_support_graft,analysis_outputs/submission_e286_e247contrast_e247_body_vs_clean_cell_geometry_lr_l2_c0p3_smooth_weighted_ctrl_add_low_preserve_top3_67c7d752.csv,graft_raw,1.0,1.0,none,0,0.0,analysis_outputs/submission_e354_e247support_graft_raw_e247_body_vs_clean_cell_geometry_lr_l2_c0p3__b1_00_a10796a8.csv,submission_e354_e247support_graft_raw_e247_body_vs_clean_cell_geometry_lr_l2_c0p3__b1_00_a10796a8.csv,248,628,4.670193161305341,0.44439114027610194,2.241007611389761,1.0298561624943101,0.26609462891770685,1.1240588133850626,0.0,0.009175945118500346,0.0,False,-3.2351964156467454e-06,-4.857012616218415e-06,0.4615384615384615
graft_raw_e247_body_vs_clean_cell_geometry_lr_l2_c0p3__b1.00,e286_support_graft,analysis_outputs/submission_e286_e247contrast_e247_body_vs_clean_cell_geometry_lr_l2_c0p3_raw_ctrl_add_low_preserve_top3_f89fbfd6.csv,graft_raw,1.0,1.0,none,0,0.0,analysis_outputs/submission_e354_e247support_graft_raw_e247_body_vs_clean_cell_geometry_lr_l2_c0p3__b1_00_ea98b17a.csv,submission_e354_e247support_graft_raw_e247_body_vs_clean_cell_geometry_lr_l2_c0p3__b1_00_ea98b17a.csv,248,628,4.6717295784073425,0.44442447906350263,2.241007611389761,1.0298561624943101,0.2676310460197092,1.1240588133850626,0.0,0.009175945118500346,0.0,False,-2.9830515524425585e-06,-4.319278459338452e-06,0.4615384615384615
graft_raw_e247_body_vs_clean_cell_geometry_lr_l2_c0p3__b1.50,e286_support_graft,analysis_outputs/submission_e286_e247contrast_e247_body_vs_clean_cell_geometry_lr_l2_c0p3_raw_ctrl_add_low_preserve_top5_0d148e41.csv,graft_raw,1.5,1.0,none,0,0.0,analysis_outputs/submission_e354_e247support_graft_raw_e247_body_vs_clean_cell_geometry_lr_l2_c0p3__b1_50_1446446e.csv,submission_e354_e247support_graft_raw_e247_body_vs_clean_cell_geometry_lr_l2_c0p3__b1_50_1446446e.csv,248,630,4.755773639627503,0.44830169042140444,2.241007611389761,1.0298561624943101,0.3516751072398695,1.1240588133850626,0.0,0.009175945118500346,0.0,False,-4.384434150699312e-06,-6.6143805178602e-06,0.4615384615384615
graft_raw_e247_body_vs_clean_cell_geometry_lr_l2_c0p3__b1.50,e286_support_graft,analysis_outputs/submission_e286_e247contrast_e247_body_vs_clean_cell_geometry_lr_l2_c0p3_smooth_weighted_ctrl_add_low_preserve_top5_27ab2576.csv,graft_raw,1.5,1.0,none,0,0.0,analysis_outputs/submission_e354_e247support_graft_raw_e247_body_vs_clean_cell_geometry_lr_l2_c0p3__b1_50_b624d7dc.csv,submission_e354_e247support_graft_raw_e247_body_vs_clean_cell_geometry_lr_l2_c0p3__b1_50_b624d7dc.csv,248,630,4.7646265415000615,0.44869732976025967,2.241007611389761,1.0298561624943101,0.3605280091124276,1.1240588133850626,0.0,0.009175945118500346,0.0,False,-3.897806541310514e-06,-6.227485215777583e-06,0.4615384615384615
graft_raw_e247_body_vs_clean_cell_geometry_lr_l2_c0p3__b1.50,e286_support_graft,analysis_outputs/submission_e286_e247contrast_e247_body_vs_clean_cell_geometry_lr_l2_c0p3_smooth_weighted_ctrl_add_low_preserve_top3_67c7d752.csv,graft_raw,1.5,1.0,none,0,0.0,analysis_outputs/submission_e354_e247support_graft_raw_e247_body_vs_clean_cell_geometry_lr_l2_c0p3__b1_50_182d0c71.csv,submission_e354_e247support_graft_raw_e247_body_vs_clean_cell_geometry_lr_l2_c0p3__b1_50_182d0c71.csv,248,628,4.688528781244537,0.44504504280931334,2.241007611389761,1.0298561624943101,0.2844302488569039,1.1240588133850626,0.0,0.009175945118500346,0.0,False,-3.2351964156467454e-06,-4.857012616218415e-06,0.4615384615384615
graft_raw_e247_body_vs_clean_cell_geometry_lr_l2_c0p3__b1.50,e286_support_graft,analysis_outputs/submission_e286_e247contrast_e247_body_vs_clean_cell_geometry_lr_l2_c0p3_raw_ctrl_add_low_preserve_top3_f89fbfd6.csv,graft_raw,1.5,1.0,none,0,0.0,analysis_outputs/submission_e354_e247support_graft_raw_e247_body_vs_clean_cell_geometry_lr_l2_c0p3__b1_50_ddb2a80e.csv,submission_e354_e247support_graft_raw_e247_body_vs_clean_cell_geometry_lr_l2_c0p3__b1_50_ddb2a80e.csv,248,628,4.690833406897541,0.44511994137291755,2.241007611389761,1.0298561624943101,0.2867348745099074,1.1240588133850626,0.0,0.009175945118500346,0.0,False,-2.9830515524425585e-06,-4.319278459338452e-06,0.4615384615384615
graft_raw_e247_body_vs_clean_cell_geometry_lr_l2_c0p3__b2.00,e286_support_graft,analysis_outputs/submission_e286_e247contrast_e247_body_vs_clean_cell_geometry_lr_l2_c0p3_raw_ctrl_add_low_preserve_top5_0d148e41.csv,graft_raw,2.0,1.0,none,0,0.0,analysis_outputs/submission_e354_e247support_graft_raw_e247_body_vs_clean_cell_geometry_lr_l2_c0p3__b2_00_4aac93a0.csv,submission_e354_e247support_graft_raw_e247_body_vs_clean_cell_geometry_lr_l2_c0p3__b2_00_4aac93a0.csv,248,630,4.796524212361022,0.451720547447197,2.241007611389761,1.0298561624943101,0.3924256799733884,1.1240588133850626,0.0,0.009175945118500346,0.0,False,-4.384434150699312e-06,-6.6143805178602e-06,0.4615384615384615
graft_raw_e247_body_vs_clean_cell_geometry_lr_l2_c0p3__b2.00,e286_support_graft,analysis_outputs/submission_e286_e247contrast_e247_body_vs_clean_cell_geometry_lr_l2_c0p3_smooth_weighted_ctrl_add_low_preserve_top5_27ab2576.csv,graft_raw,2.0,1.0,none,0,0.0,analysis_outputs/submission_e354_e247support_graft_raw_e247_body_vs_clean_cell_geometry_lr_l2_c0p3__b2_00_eb083fef.csv,submission_e354_e247support_graft_raw_e247_body_vs_clean_cell_geometry_lr_l2_c0p3__b2_00_eb083fef.csv,248,630,4.808328081524433,0.4524183519294127,2.241007611389761,1.0298561624943101,0.4042295491367992,1.1240588133850626,0.0,0.009175945118500346,0.0,False,-3.897806541310514e-06,-6.227485215777583e-06,0.4615384615384615
graft_raw_e247_body_vs_clean_cell_geometry_lr_l2_c0p3__b2.00,e286_support_graft,analysis_outputs/submission_e286_e247contrast_e247_body_vs_clean_cell_geometry_lr_l2_c0p3_smooth_weighted_ctrl_add_low_preserve_top3_67c7d752.csv,graft_raw,2.0,1.0,none,0,0.0,analysis_outputs/submission_e354_e247support_graft_raw_e247_body_vs_clean_cell_geometry_lr_l2_c0p3__b2_00_866f1d73.csv,submission_e354_e247support_graft_raw_e247_body_vs_clean_cell_geometry_lr_l2_c0p3__b2_00_866f1d73.csv,248,628,4.706864401183735,0.4459588955629126,2.241007611389761,1.0298561624943101,0.3027658687961009,1.1240588133850626,0.0,0.009175945118500346,0.0,False,-3.2351964156467454e-06,-4.857012616218415e-06,0.4615384615384615
graft_raw_e247_body_vs_clean_cell_geometry_lr_l2_c0p3__b2.00,e286_support_graft,analysis_outputs/submission_e286_e247contrast_e247_body_vs_clean_cell_geometry_lr_l2_c0p3_raw_ctrl_add_low_preserve_top3_f89fbfd6.csv,graft_raw,2.0,1.0,none,0,0.0,analysis_outputs/submission_e354_e247support_graft_raw_e247_body_vs_clean_cell_geometry_lr_l2_c0p3__b2_00_01b31618.csv,submission_e354_e247support_graft_raw_e247_body_vs_clean_cell_geometry_lr_l2_c0p3__b2_00_01b31618.csv,248,628,4.70993723538774,0.44609176709683734,2.241007611389761,1.0298561624943101,0.3058387030001056,1.1240588133850626,0.0,0.009175945118500346,0.0,False,-2.9830515524425585e-06,-4.319278459338452e-06,0.4615384615384615
graft_raw_e247_body_vs_clean_cell_geometry_lr_l2_c0p3__b3.00,e286_support_graft,analysis_outputs/submission_e286_e247contrast_e247_body_vs_clean_cell_geometry_lr_l2_c0p3_raw_ctrl_add_low_preserve_top5_0d148e41.csv,graft_raw,3.0,1.0,none,0,0.0,analysis_outputs/submission_e354_e247support_graft_raw_e247_body_vs_clean_cell_geometry_lr_l2_c0p3__b3_00_853236eb.csv,submission_e354_e247support_graft_raw_e247_body_vs_clean_cell_geometry_lr_l2_c0p3__b3_00_853236eb.csv,248,630,4.87802535782806,0.4613491268517491,2.241007611389761,1.0298561624943101,0.4739268254404262,1.1240588133850626,0.0,0.009175945118500346,0.0,False,-4.384434150699312e-06,-6.6143805178602e-06,0.4615384615384615
graft_raw_e247_body_vs_clean_cell_geometry_lr_l2_c0p3__b3.00,e286_support_graft,analysis_outputs/submission_e286_e247contrast_e247_body_vs_clean_cell_geometry_lr_l2_c0p3_smooth_weighted_ctrl_add_low_preserve_top5_27ab2576.csv,graft_raw,3.0,1.0,none,0,0.0,analysis_outputs/submission_e354_e247support_graft_raw_e247_body_vs_clean_cell_geometry_lr_l2_c0p3__b3_00_8be24b3c.csv,submission_e354_e247support_graft_raw_e247_body_vs_clean_cell_geometry_lr_l2_c0p3__b3_00_8be24b3c.csv,248,630,4.895731161573176,0.4628850497089587,2.241007611389761,1.0298561624943101,0.49163262918554235,1.1240588133850626,0.0,0.009175945118500346,0.0,False,-3.897806541310514e-06,-6.227485215777583e-06,0.4615384615384615
graft_raw_e247_body_vs_clean_cell_geometry_lr_l2_c0p3__b3.00,e286_support_graft,analysis_outputs/submission_e286_e247contrast_e247_body_vs_clean_cell_geometry_lr_l2_c0p3_smooth_weighted_ctrl_add_low_preserve_top3_67c7d752.csv,graft_raw,3.0,1.0,none,0,0.0,analysis_outputs/submission_e354_e247support_graft_raw_e247_body_vs_clean_cell_geometry_lr_l2_c0p3__b3_00_5356af02.csv,submission_e354_e247support_graft_raw_e247_body_vs_clean_cell_geometry_lr_l2_c0p3__b3_00_5356af02.csv,248,628,4.743535641062128,0.44855964466800907,2.241007611389761,1.0298561624943101,0.3394371086744949,1.1240588133850626,0.0,0.009175945118500346,0.0,False,-3.2351964156467454e-06,-4.857012616218415e-06,0.4615384615384615
graft_raw_e247_body_vs_clean_cell_geometry_lr_l2_c0p3__b3.00,e286_support_graft,analysis_outputs/submission_e286_e247contrast_e247_body_vs_clean_cell_geometry_lr_l2_c0p3_raw_ctrl_add_low_preserve_top3_f89fbfd6.csv,graft_raw,3.0,1.0,none,0,0.0,analysis_outputs/submission_e354_e247support_graft_raw_e247_body_vs_clean_cell_geometry_lr_l2_c0p3__b3_00_a8fe5859.csv,submission_e354_e247support_graft_raw_e247_body_vs_clean_cell_geometry_lr_l2_c0p3__b3_00_a8fe5859.csv,248,628,4.748144892368136,0.4488568180828208,2.241007611389761,1.0298561624943101,0.34404635998050204,1.1240588133850626,0.0,0.009175945118500346,0.0,False,-2.9830515524425585e-06,-4.319278459338452e-06,0.4615384615384615
graft_raw_e247_body_vs_clean_human_plus_geometr_lr_l2__b0.50,e286_support_graft,analysis_outputs/submission_e286_e247contrast_e247_body_vs_clean_human_plus_geometr_lr_l2_c0p3_smooth_weighted_undo_low_preserve_top3_4d6262b1.csv,graft_raw,0.5,1.0,none,0,0.0,analysis_outputs/submission_e354_e247support_graft_raw_e247_body_vs_clean_human_plus_geometr_lr_l2__b0_50_6fa84658.csv,submission_e354_e247support_graft_raw_e247_body_vs_clean_human_plus_geometr_lr_l2__b0_50_6fa84658.csv,248,628,4.6613798402055675,0.4442101906483408,2.241007611389761,1.0298561624943101,0.2572813078179341,1.1240588133850626,0.0,0.009175945118500346,0.0,False,-2.8508459616272267e-06,-5.761689502603243e-06,0.4807692307692308
graft_raw_e247_body_vs_clean_human_plus_geometr_lr_l2__b1.00,e286_support_graft,analysis_outputs/submission_e286_e247contrast_e247_body_vs_clean_human_plus_geometr_lr_l2_c0p3_smooth_weighted_undo_low_preserve_top3_4d6262b1.csv,graft_raw,1.0,1.0,none,0,0.0,analysis_outputs/submission_e354_e247support_graft_raw_e247_body_vs_clean_human_plus_geometr_lr_l2__b1_00_b538c7e4.csv,submission_e354_e247support_graft_raw_e247_body_vs_clean_human_plus_geometr_lr_l2__b1_00_b538c7e4.csv,248,628,4.68923775898419,0.44523720443316195,2.241007611389761,1.0298561624943101,0.28513922659655544,1.1240588133850626,0.0,0.009175945118500346,0.0,False,-2.8508459616272267e-06,-5.761689502603243e-06,0.4807692307692308
graft_raw_e247_body_vs_clean_human_plus_geometr_lr_l2__b1.50,e286_support_graft,analysis_outputs/submission_e286_e247contrast_e247_body_vs_clean_human_plus_geometr_lr_l2_c0p3_smooth_weighted_undo_low_preserve_top3_4d6262b1.csv,graft_raw,1.5,1.0,none,0,0.0,analysis_outputs/submission_e354_e247support_graft_raw_e247_body_vs_clean_human_plus_geometr_lr_l2__b1_50_cddb4e32.csv,submission_e354_e247support_graft_raw_e247_body_vs_clean_human_plus_geometr_lr_l2__b1_50_cddb4e32.csv,248,628,4.717095677762811,0.4469436498085196,2.241007611389761,1.0298561624943101,0.31299714537517676,1.1240588133850626,0.0,0.009175945118500346,0.0,False,-2.8508459616272267e-06,-5.761689502603243e-06,0.4807692307692308
graft_raw_e247_body_vs_clean_human_plus_geometr_lr_l2__b2.00,e286_support_graft,analysis_outputs/submission_e286_e247contrast_e247_body_vs_clean_human_plus_geometr_lr_l2_c0p3_smooth_weighted_undo_low_preserve_top3_4d6262b1.csv,graft_raw,2.0,1.0,none,0,0.0,analysis_outputs/submission_e354_e247support_graft_raw_e247_body_vs_clean_human_plus_geometr_lr_l2__b2_00_09e6c116.csv,submission_e354_e247support_graft_raw_e247_body_vs_clean_human_plus_geometr_lr_l2__b2_00_09e6c116.csv,248,628,4.744953596541432,0.44932178575487,2.241007611389761,1.0298561624943101,0.34085506415379807,1.1240588133850626,0.0,0.009175945118500346,0.0,False,-2.8508459616272267e-06,-5.761689502603243e-06,0.4807692307692308
graft_raw_e247_body_vs_clean_human_plus_geometr_lr_l2__b3.00,e286_support_graft,analysis_outputs/submission_e286_e247contrast_e247_body_vs_clean_human_plus_geometr_lr_l2_c0p3_smooth_weighted_undo_low_preserve_top3_4d6262b1.csv,graft_raw,3.0,1.0,none,0,0.0,analysis_outputs/submission_e354_e247support_graft_raw_e247_body_vs_clean_human_plus_geometr_lr_l2__b3_00_d16f2c84.csv,submission_e354_e247support_graft_raw_e247_body_vs_clean_human_plus_geometr_lr_l2__b3_00_d16f2c84.csv,248,628,4.800669434098674,0.4560481320263889,2.241007611389761,1.0298561624943101,0.39657090171104076,1.1240588133850626,0.0,0.009175945118500346,0.0,False,-2.8508459616272267e-06,-5.761689502603243e-06,0.4807692307692308
graft_raw_e247_body_vs_clean_human_plus_oldlaw__lr_l1__b0.50,e286_support_graft,analysis_outputs/submission_e286_e247contrast_e247_body_vs_clean_human_plus_oldlaw__lr_l1_c0p2_raw_ctrl_add_low_preserve_top5_36eee8bc.csv,graft_raw,0.5,1.0,none,0,0.0,analysis_outputs/submission_e354_e247support_graft_raw_e247_body_vs_clean_human_plus_oldlaw__lr_l1__b0_50_758e75d5.csv,submission_e354_e247support_graft_raw_e247_body_vs_clean_human_plus_oldlaw__lr_l1__b0_50_758e75d5.csv,248,630,4.660686799228432,0.44404363789027096,2.241007611389761,1.0298561624943101,0.25658826684079833,1.1240588133850626,0.0,0.009175945118500346,0.0,False,-4.041416215693369e-06,-5.921966616302087e-06,0.5192307692307693
graft_raw_e247_body_vs_clean_human_plus_oldlaw__lr_l1__b0.50,e286_support_graft,analysis_outputs/submission_e286_e247contrast_e247_body_vs_clean_human_plus_oldlaw__lr_l1_c0p2_anti_amp_ctrl_add_low_preserve_top5_2bbef3bb.csv,graft_raw,0.5,1.0,none,0,0.0,analysis_outputs/submission_e354_e247support_graft_raw_e247_body_vs_clean_human_plus_oldlaw__lr_l1__b0_50_acdc5d55.csv,submission_e354_e247support_graft_raw_e247_body_vs_clean_human_plus_oldlaw__lr_l1__b0_50_acdc5d55.csv,248,630,4.688212151072187,0.44465209795309624,2.241007611389761,1.0298561624943101,0.2841136186845531,1.1240588133850626,0.0,0.009175945118500346,0.0,False,-3.538267241933191e-06,-7.191957583573359e-06,0.5192307692307693
graft_raw_e247_body_vs_clean_human_plus_oldlaw__lr_l1__b1.00,e286_support_graft,analysis_outputs/submission_e286_e247contrast_e247_body_vs_clean_human_plus_oldlaw__lr_l1_c0p2_raw_ctrl_add_low_preserve_top5_36eee8bc.csv,graft_raw,1.0,1.0,none,0,0.0,analysis_outputs/submission_e354_e247support_graft_raw_e247_body_vs_clean_human_plus_oldlaw__lr_l1__b1_00_c39a5d33.csv,submission_e354_e247support_graft_raw_e247_body_vs_clean_human_plus_oldlaw__lr_l1__b1_00_c39a5d33.csv,248,630,4.687851677029918,0.4445721580479604,2.241007611389761,1.0298561624943101,0.28375314464228385,1.1240588133850626,0.0,0.009175945118500346,0.0,False,-4.041416215693369e-06,-5.921966616302087e-06,0.5192307692307693
graft_raw_e247_body_vs_clean_human_plus_oldlaw__lr_l1__b1.00,e286_support_graft,analysis_outputs/submission_e286_e247contrast_e247_body_vs_clean_human_plus_oldlaw__lr_l1_c0p2_anti_amp_ctrl_add_low_preserve_top5_2bbef3bb.csv,graft_raw,1.0,1.0,none,0,0.0,analysis_outputs/submission_e354_e247support_graft_raw_e247_body_vs_clean_human_plus_oldlaw__lr_l1__b1_00_3d07860d.csv,submission_e354_e247support_graft_raw_e247_body_vs_clean_human_plus_oldlaw__lr_l1__b1_00_3d07860d.csv,248,630,4.742902380717427,0.4469981511868655,2.241007611389761,1.0298561624943101,0.3388038483297934,1.1240588133850626,0.0,0.009175945118500346,0.0,False,-3.538267241933191e-06,-7.191957583573359e-06,0.5192307692307693
graft_raw_e247_body_vs_clean_human_plus_oldlaw__lr_l1__b1.50,e286_support_graft,analysis_outputs/submission_e286_e247contrast_e247_body_vs_clean_human_plus_oldlaw__lr_l1_c0p2_raw_ctrl_add_low_preserve_top5_36eee8bc.csv,graft_raw,1.5,1.0,none,0,0.0,analysis_outputs/submission_e354_e247support_graft_raw_e247_body_vs_clean_human_plus_oldlaw__lr_l1__b1_50_3540af78.csv,submission_e354_e247support_graft_raw_e247_body_vs_clean_human_plus_oldlaw__lr_l1__b1_50_3540af78.csv,248,630,4.715016554831403,0.44545163146976835,2.241007611389761,1.0298561624943101,0.3109180224437694,1.1240588133850626,0.0,0.009175945118500346,0.0,False,-4.041416215693369e-06,-5.921966616302087e-06,0.5192307692307693
graft_raw_e247_body_vs_clean_human_plus_oldlaw__lr_l1__b1.50,e286_support_graft,analysis_outputs/submission_e286_e247contrast_e247_body_vs_clean_human_plus_oldlaw__lr_l1_c0p2_anti_amp_ctrl_add_low_preserve_top5_2bbef3bb.csv,graft_raw,1.5,1.0,none,0,0.0,analysis_outputs/submission_e354_e247support_graft_raw_e247_body_vs_clean_human_plus_oldlaw__lr_l1__b1_50_0621d998.csv,submission_e354_e247support_graft_raw_e247_body_vs_clean_human_plus_oldlaw__lr_l1__b1_50_0621d998.csv,248,630,4.797592610362668,0.4508811137633206,2.241007611389761,1.0298561624943101,0.3934940779750337,1.1240588133850626,0.0,0.009175945118500346,0.0,False,-3.538267241933191e-06,-7.191957583573359e-06,0.5192307692307693
graft_raw_e247_body_vs_clean_human_plus_oldlaw__lr_l1__b2.00,e286_support_graft,analysis_outputs/submission_e286_e247contrast_e247_body_vs_clean_human_plus_oldlaw__lr_l1_c0p2_raw_ctrl_add_low_preserve_top5_36eee8bc.csv,graft_raw,2.0,1.0,none,0,0.0,analysis_outputs/submission_e354_e247support_graft_raw_e247_body_vs_clean_human_plus_oldlaw__lr_l1__b2_00_76bfb2f5.csv,submission_e354_e247support_graft_raw_e247_body_vs_clean_human_plus_oldlaw__lr_l1__b2_00_76bfb2f5.csv,248,630,4.742181432632889,0.44667998517260543,2.241007611389761,1.0298561624943101,0.3380829002452549,1.1240588133850626,0.0,0.009175945118500346,0.0,False,-4.041416215693369e-06,-5.921966616302087e-06,0.5192307692307693
graft_raw_e247_body_vs_clean_human_plus_oldlaw__lr_l1__b2.00,e286_support_graft,analysis_outputs/submission_e286_e247contrast_e247_body_vs_clean_human_plus_oldlaw__lr_l1_c0p2_anti_amp_ctrl_add_low_preserve_top5_2bbef3bb.csv,graft_raw,2.0,1.0,none,0,0.0,analysis_outputs/submission_e354_e247support_graft_raw_e247_body_vs_clean_human_plus_oldlaw__lr_l1__b2_00_be5bf474.csv,submission_e354_e247support_graft_raw_e247_body_vs_clean_human_plus_oldlaw__lr_l1__b2_00_be5bf474.csv,248,630,4.852282840007907,0.45626174830465427,2.241007611389761,1.0298561624943101,0.44818430762027395,1.1240588133850626,0.0,0.009175945118500346,0.0,False,-3.538267241933191e-06,-7.191957583573359e-06,0.5192307692307693
graft_raw_e247_body_vs_clean_human_plus_oldlaw__lr_l1__b3.00,e286_support_graft,analysis_outputs/submission_e286_e247contrast_e247_body_vs_clean_human_plus_oldlaw__lr_l1_c0p2_raw_ctrl_add_low_preserve_top5_36eee8bc.csv,graft_raw,3.0,1.0,none,0,0.0,analysis_outputs/submission_e354_e247support_graft_raw_e247_body_vs_clean_human_plus_oldlaw__lr_l1__b3_00_9e9ebd7f.csv,submission_e354_e247support_graft_raw_e247_body_vs_clean_human_plus_oldlaw__lr_l1__b3_00_9e9ebd7f.csv,248,630,4.7965111882358595,0.45017109883290995,2.241007611389761,1.0298561624943101,0.39241265584822593,1.1240588133850626,0.0,0.009175945118500346,0.0,False,-4.041416215693369e-06,-5.921966616302087e-06,0.5192307692307693
graft_raw_e247_body_vs_clean_human_plus_oldlaw__lr_l1__b3.00,e286_support_graft,analysis_outputs/submission_e286_e247contrast_e247_body_vs_clean_human_plus_oldlaw__lr_l1_c0p2_anti_amp_ctrl_add_low_preserve_top5_2bbef3bb.csv,graft_raw,3.0,1.0,none,0,0.0,analysis_outputs/submission_e354_e247support_graft_raw_e247_body_vs_clean_human_plus_oldlaw__lr_l1__b3_00_b59edb9c.csv,submission_e354_e247support_graft_raw_e247_body_vs_clean_human_plus_oldlaw__lr_l1__b3_00_b59edb9c.csv,248,630,4.9616632992983885,0.47129662559997826,2.241007611389761,1.0298561624943101,0.5575647669107546,1.1240588133850626,0.0,0.009175945118500346,0.0,False,-3.538267241933191e-06,-7.191957583573359e-06,0.5192307692307693
graft_raw_e247_common_vs_e28_human_plus_geometr_lr_l2__b0.50,e286_support_graft,analysis_outputs/submission_e286_e247contrast_e247_common_vs_e28_human_plus_geometr_lr_l2_c0p3_anti_amp_add_high_preserve_top3_eaa52596.csv,graft_raw,0.5,1.0,none,0,0.0,analysis_outputs/submission_e354_e247support_graft_raw_e247_common_vs_e28_human_plus_geometr_lr_l2__b0_50_b277dadf.csv,submission_e354_e247support_graft_raw_e247_common_vs_e28_human_plus_geometr_lr_l2__b0_50_b277dadf.csv,248,628,4.662969707534284,0.4442874475350864,2.241007611389761,1.0298561624943101,0.25887117514665015,1.1240588133850626,0.0,0.009175945118500346,0.0,False,-3.162831074790456e-06,-4.906552396210426e-06,0.4807692307692308
graft_raw_e247_common_vs_e28_human_plus_geometr_lr_l2__b1.00,e286_support_graft,analysis_outputs/submission_e286_e247contrast_e247_common_vs_e28_human_plus_geometr_lr_l2_c0p3_anti_amp_add_high_preserve_top3_eaa52596.csv,graft_raw,1.0,1.0,none,0,0.0,analysis_outputs/submission_e354_e247support_graft_raw_e247_common_vs_e28_human_plus_geometr_lr_l2__b1_00_9f071a48.csv,submission_e354_e247support_graft_raw_e247_common_vs_e28_human_plus_geometr_lr_l2__b1_00_9f071a48.csv,248,628,4.692417493641621,0.4455454392731285,2.241007611389761,1.0298561624943101,0.2883189612539874,1.1240588133850626,0.0,0.009175945118500346,0.0,False,-3.162831074790456e-06,-4.906552396210426e-06,0.4807692307692308
graft_raw_e247_common_vs_e28_human_plus_geometr_lr_l2__b1.50,e286_support_graft,analysis_outputs/submission_e286_e247contrast_e247_common_vs_e28_human_plus_geometr_lr_l2_c0p3_anti_amp_add_high_preserve_top3_eaa52596.csv,graft_raw,1.5,1.0,none,0,0.0,analysis_outputs/submission_e354_e247support_graft_raw_e247_common_vs_e28_human_plus_geometr_lr_l2__b1_50_9ad769c4.csv,submission_e354_e247support_graft_raw_e247_common_vs_e28_human_plus_geometr_lr_l2__b1_50_9ad769c4.csv,248,628,4.721865279748958,0.44763423590787055,2.241007611389761,1.0298561624943101,0.3177667473613247,1.1240588133850626,0.0,0.009175945118500346,0.0,False,-3.162831074790456e-06,-4.906552396210426e-06,0.4807692307692308
graft_raw_e247_common_vs_e28_human_plus_geometr_lr_l2__b2.00,e286_support_graft,analysis_outputs/submission_e286_e247contrast_e247_common_vs_e28_human_plus_geometr_lr_l2_c0p3_anti_amp_add_high_preserve_top3_eaa52596.csv,graft_raw,2.0,1.0,none,0,0.0,analysis_outputs/submission_e354_e247support_graft_raw_e247_common_vs_e28_human_plus_geometr_lr_l2__b2_00_2de7b2b0.csv,submission_e354_e247support_graft_raw_e247_common_vs_e28_human_plus_geometr_lr_l2__b2_00_2de7b2b0.csv,248,628,4.751313065856296,0.4505422822959643,2.241007611389761,1.0298561624943101,0.34721453346866205,1.1240588133850626,0.0,0.009175945118500346,0.0,False,-3.162831074790456e-06,-4.906552396210426e-06,0.4807692307692308
graft_raw_e247_common_vs_e28_human_plus_geometr_lr_l2__b3.00,e286_support_graft,analysis_outputs/submission_e286_e247contrast_e247_common_vs_e28_human_plus_geometr_lr_l2_c0p3_anti_amp_add_high_preserve_top3_eaa52596.csv,graft_raw,3.0,1.0,none,0,0.0,analysis_outputs/submission_e354_e247support_graft_raw_e247_common_vs_e28_human_plus_geometr_lr_l2__b3_00_824c95f1.csv,submission_e354_e247support_graft_raw_e247_common_vs_e28_human_plus_geometr_lr_l2__b3_00_824c95f1.csv,248,628,4.8102086380709705,0.45874942063768176,2.241007611389761,1.0298561624943101,0.4061101056833366,1.1240588133850626,0.0,0.009175945118500346,0.0,False,-3.162831074790456e-06,-4.906552396210426e-06,0.4807692307692308
graft_raw_e247_only_vs_e256__human_social_lr_l2_c0p3_a_b0.50,e286_support_graft,analysis_outputs/submission_e286_e247contrast_e247_only_vs_e256__human_social_lr_l2_c0p3_anti_amp_add_high_preserve_top3_18f9379b.csv,graft_raw,0.5,1.0,none,0,0.0,analysis_outputs/submission_e354_e247support_graft_raw_e247_only_vs_e256__human_social_lr_l2_c0p3_a_b0_50_25cfaae8.csv,submission_e354_e247support_graft_raw_e247_only_vs_e256__human_social_lr_l2_c0p3_a_b0_50_25cfaae8.csv,248,628,4.651720458407577,0.44399665981890546,2.241007611389761,1.0298561624943101,0.2476219260199432,1.1240588133850626,0.0,0.009175945118500346,0.0,False,-2.9994125537666696e-06,-4.434575000308268e-06,0.173076923076923
graft_raw_e247_only_vs_e256__human_social_lr_l2_c0p3_a_b1.00,e286_support_graft,analysis_outputs/submission_e286_e247contrast_e247_only_vs_e256__human_social_lr_l2_c0p3_anti_amp_add_high_preserve_top3_18f9379b.csv,graft_raw,1.0,1.0,none,0,0.0,analysis_outputs/submission_e354_e247support_graft_raw_e247_only_vs_e256__human_social_lr_l2_c0p3_a_b1_00_d25cbcb4.csv,submission_e354_e247support_graft_raw_e247_only_vs_e256__human_social_lr_l2_c0p3_a_b1_00_d25cbcb4.csv,248,628,4.669918995388207,0.44438443945473116,2.241007611389761,1.0298561624943101,0.2658204630005736,1.1240588133850626,0.0,0.009175945118500346,0.0,False,-2.9994125537666696e-06,-4.434575000308268e-06,0.173076923076923
graft_raw_e247_only_vs_e256__human_social_lr_l2_c0p3_a_b1.50,e286_support_graft,analysis_outputs/submission_e286_e247contrast_e247_only_vs_e256__human_social_lr_l2_c0p3_anti_amp_add_high_preserve_top3_18f9379b.csv,graft_raw,1.5,1.0,none,0,0.0,analysis_outputs/submission_e354_e247support_graft_raw_e247_only_vs_e256__human_social_lr_l2_c0p3_a_b1_50_4531e323.csv,submission_e354_e247support_graft_raw_e247_only_vs_e256__human_social_lr_l2_c0p3_a_b1_50_4531e323.csv,248,628,4.688117532368838,0.4450299879724365,2.241007611389761,1.0298561624943101,0.28401899998120395,1.1240588133850626,0.0,0.009175945118500346,0.0,False,-2.9994125537666696e-06,-4.434575000308268e-06,0.173076923076923
graft_raw_e247_only_vs_e256__human_social_lr_l2_c0p3_a_b2.00,e286_support_graft,analysis_outputs/submission_e286_e247contrast_e247_only_vs_e256__human_social_lr_l2_c0p3_anti_amp_add_high_preserve_top3_18f9379b.csv,graft_raw,2.0,1.0,none,0,0.0,analysis_outputs/submission_e354_e247support_graft_raw_e247_only_vs_e256__human_social_lr_l2_c0p3_a_b2_00_8943b11f.csv,submission_e354_e247support_graft_raw_e247_only_vs_e256__human_social_lr_l2_c0p3_a_b2_00_8943b11f.csv,248,628,4.706316069349468,0.4459321859050979,2.241007611389761,1.0298561624943101,0.3022175369618344,1.1240588133850626,0.0,0.009175945118500346,0.0,False,-2.9994125537666696e-06,-4.434575000308268e-06,0.173076923076923
graft_raw_e247_only_vs_e256__human_social_lr_l2_c0p3_a_b3.00,e286_support_graft,analysis_outputs/submission_e286_e247contrast_e247_only_vs_e256__human_social_lr_l2_c0p3_anti_amp_add_high_preserve_top3_18f9379b.csv,graft_raw,3.0,1.0,none,0,0.0,analysis_outputs/submission_e354_e247support_graft_raw_e247_only_vs_e256__human_social_lr_l2_c0p3_a_b3_00_31b67b7a.csv,submission_e354_e247support_graft_raw_e247_only_vs_e256__human_social_lr_l2_c0p3_a_b3_00_31b67b7a.csv,248,628,4.742713143310729,0.44849989418850933,2.241007611389761,1.0298561624943101,0.3386146109230951,1.1240588133850626,0.0,0.009175945118500346,0.0,False,-2.9994125537666696e-06,-4.434575000308268e-06,0.173076923076923
graft_raw_e247_only_vs_e256__human_social_lr_l2_c0p3_s_b0.50,e286_support_graft,analysis_outputs/submission_e286_e247contrast_e247_only_vs_e256__human_social_lr_l2_c0p3_smooth_weighted_add_high_preserve_top5_47be80e7.csv,graft_raw,0.5,1.0,none,0,0.0,analysis_outputs/submission_e354_e247support_graft_raw_e247_only_vs_e256__human_social_lr_l2_c0p3_s_b0_50_09f0a0a0.csv,submission_e354_e247support_graft_raw_e247_only_vs_e256__human_social_lr_l2_c0p3_s_b0_50_09f0a0a0.csv,248,630,4.6637955558827375,0.44408172923737876,2.241007611389761,1.0298561624943101,0.25969702349510426,1.1240588133850626,0.0,0.009175945118500346,0.0,False,-3.8482450484238136e-06,-5.803771193451682e-06,0.173076923076923
graft_raw_e247_only_vs_e256__human_social_lr_l2_c0p3_s_b0.50,e286_support_graft,analysis_outputs/submission_e286_e247contrast_e247_only_vs_e256__human_social_lr_l2_c0p3_smooth_weighted_add_high_preserve_top3_229be73c.csv,graft_raw,0.5,1.0,none,0,0.0,analysis_outputs/submission_e354_e247support_graft_raw_e247_only_vs_e256__human_social_lr_l2_c0p3_s_b0_50_4dfa60a9.csv,submission_e354_e247support_graft_raw_e247_only_vs_e256__human_social_lr_l2_c0p3_s_b0_50_4dfa60a9.csv,248,628,4.654449217627266,0.4440324460886871,2.241007611389761,1.0298561624943101,0.2503506852396322,1.1240588133850626,0.0,0.009175945118500346,0.0,False,-3.121312925466644e-06,-4.4562140722175655e-06,0.173076923076923
graft_raw_e247_only_vs_e256__human_social_lr_l2_c0p3_s_b1.00,e286_support_graft,analysis_outputs/submission_e286_e247contrast_e247_only_vs_e256__human_social_lr_l2_c0p3_smooth_weighted_add_high_preserve_top5_47be80e7.csv,graft_raw,1.0,1.0,none,0,0.0,analysis_outputs/submission_e354_e247support_graft_raw_e247_only_vs_e256__human_social_lr_l2_c0p3_s_b1_00_ddc43a0f.csv,submission_e354_e247support_graft_raw_e247_only_vs_e256__human_social_lr_l2_c0p3_s_b1_00_ddc43a0f.csv,248,630,4.69406919033853,0.44472432278655344,2.241007611389761,1.0298561624943101,0.2899706579508956,1.1240588133850626,0.0,0.009175945118500346,0.0,False,-3.8482450484238136e-06,-5.803771193451682e-06,0.173076923076923
graft_raw_e247_only_vs_e256__human_social_lr_l2_c0p3_s_b1.00,e286_support_graft,analysis_outputs/submission_e286_e247contrast_e247_only_vs_e256__human_social_lr_l2_c0p3_smooth_weighted_add_high_preserve_top3_229be73c.csv,graft_raw,1.0,1.0,none,0,0.0,analysis_outputs/submission_e354_e247support_graft_raw_e247_only_vs_e256__human_social_lr_l2_c0p3_s_b1_00_022b1b1a.csv,submission_e354_e247support_graft_raw_e247_only_vs_e256__human_social_lr_l2_c0p3_s_b1_00_022b1b1a.csv,248,628,4.675376513827586,0.44452744237687686,2.241007611389761,1.0298561624943101,0.27127798143995163,1.1240588133850626,0.0,0.009175945118500346,0.0,False,-3.121312925466644e-06,-4.4562140722175655e-06,0.173076923076923
graft_raw_e247_only_vs_e256__human_social_lr_l2_c0p3_s_b1.50,e286_support_graft,analysis_outputs/submission_e286_e247contrast_e247_only_vs_e256__human_social_lr_l2_c0p3_smooth_weighted_add_high_preserve_top5_47be80e7.csv,graft_raw,1.5,1.0,none,0,0.0,analysis_outputs/submission_e354_e247support_graft_raw_e247_only_vs_e256__human_social_lr_l2_c0p3_s_b1_50_7c5fcc17.csv,submission_e354_e247support_graft_raw_e247_only_vs_e256__human_social_lr_l2_c0p3_s_b1_50_7c5fcc17.csv,248,630,4.724342824794321,0.4457932536544139,2.241007611389761,1.0298561624943101,0.32024429240668706,1.1240588133850626,0.0,0.009175945118500346,0.0,False,-3.8482450484238136e-06,-5.803771193451682e-06,0.173076923076923
graft_raw_e247_only_vs_e256__human_social_lr_l2_c0p3_s_b1.50,e286_support_graft,analysis_outputs/submission_e286_e247contrast_e247_only_vs_e256__human_social_lr_l2_c0p3_smooth_weighted_add_high_preserve_top3_229be73c.csv,graft_raw,1.5,1.0,none,0,0.0,analysis_outputs/submission_e354_e247support_graft_raw_e247_only_vs_e256__human_social_lr_l2_c0p3_s_b1_50_af43f841.csv,submission_e354_e247support_graft_raw_e247_only_vs_e256__human_social_lr_l2_c0p3_s_b1_50_af43f841.csv,248,628,4.696303810027905,0.44535121357998886,2.241007611389761,1.0298561624943101,0.292205277640271,1.1240588133850626,0.0,0.009175945118500346,0.0,False,-3.121312925466644e-06,-4.4562140722175655e-06,0.173076923076923
graft_raw_e247_only_vs_e256__human_social_lr_l2_c0p3_s_b2.00,e286_support_graft,analysis_outputs/submission_e286_e247contrast_e247_only_vs_e256__human_social_lr_l2_c0p3_smooth_weighted_add_high_preserve_top5_47be80e7.csv,graft_raw,2.0,1.0,none,0,0.0,analysis_outputs/submission_e354_e247support_graft_raw_e247_only_vs_e256__human_social_lr_l2_c0p3_s_b2_00_ae2086da.csv,submission_e354_e247support_graft_raw_e247_only_vs_e256__human_social_lr_l2_c0p3_s_b2_00_ae2086da.csv,248,630,4.754616459250112,0.4472854652455752,2.241007611389761,1.0298561624943101,0.3505179268624784,1.1240588133850626,0.0,0.009175945118500346,0.0,False,-3.8482450484238136e-06,-5.803771193451682e-06,0.173076923076923
graft_raw_e247_only_vs_e256__human_social_lr_l2_c0p3_s_b2.00,e286_support_graft,analysis_outputs/submission_e286_e247contrast_e247_only_vs_e256__human_social_lr_l2_c0p3_smooth_weighted_add_high_preserve_top3_229be73c.csv,graft_raw,2.0,1.0,none,0,0.0,analysis_outputs/submission_e354_e247support_graft_raw_e247_only_vs_e256__human_social_lr_l2_c0p3_s_b2_00_faa090ca.csv,submission_e354_e247support_graft_raw_e247_only_vs_e256__human_social_lr_l2_c0p3_s_b2_00_faa090ca.csv,248,628,4.717231106228224,0.4465019399875287,2.241007611389761,1.0298561624943101,0.31313257384059034,1.1240588133850626,0.0,0.009175945118500346,0.0,False,-3.121312925466644e-06,-4.4562140722175655e-06,0.173076923076923
graft_raw_e247_only_vs_e256__human_social_lr_l2_c0p3_s_b3.00,e286_support_graft,analysis_outputs/submission_e286_e247contrast_e247_only_vs_e256__human_social_lr_l2_c0p3_smooth_weighted_add_high_preserve_top5_47be80e7.csv,graft_raw,3.0,1.0,none,0,0.0,analysis_outputs/submission_e354_e247support_graft_raw_e247_only_vs_e256__human_social_lr_l2_c0p3_s_b3_00_2d877732.csv,submission_e354_e247support_graft_raw_e247_only_vs_e256__human_social_lr_l2_c0p3_s_b3_00_2d877732.csv,248,630,4.815163728161695,0.4515217539867496,2.241007611389761,1.0298561624943101,0.4110651957740612,1.1240588133850626,0.0,0.009175945118500346,0.0,False,-3.8482450484238136e-06,-5.803771193451682e-06,0.173076923076923
graft_raw_e247_only_vs_e256__human_social_lr_l2_c0p3_s_b3.00,e286_support_graft,analysis_outputs/submission_e286_e247contrast_e247_only_vs_e256__human_social_lr_l2_c0p3_smooth_weighted_add_high_preserve_top3_229be73c.csv,graft_raw,3.0,1.0,none,0,0.0,analysis_outputs/submission_e354_e247support_graft_raw_e247_only_vs_e256__human_social_lr_l2_c0p3_s_b3_00_85552fc9.csv,submission_e354_e247support_graft_raw_e247_only_vs_e256__human_social_lr_l2_c0p3_s_b3_00_85552fc9.csv,248,628,4.759085698628863,0.4497735075088258,2.241007611389761,1.0298561624943101,0.35498716624122917,1.1240588133850626,0.0,0.009175945118500346,0.0,False,-3.121312925466644e-06,-4.4562140722175655e-06,0.173076923076923
graft_severe_clean_e247_body_vs_clean_cell_geometry_lr_l1_c0p2__b0.50,e286_support_graft,analysis_outputs/submission_e286_e247contrast_e247_body_vs_clean_cell_geometry_lr_l1_c0p2_anti_amp_ctrl_add_low_preserve_top5_d8b9a2d7.csv,graft_severe_clean,0.5,1.0,none,3,0.1400925061832131,analysis_outputs/submission_e354_e247support_graft_severe_clean_e247_body_vs_clean_cell_geometry_lr_l1_c0p2__b0_50_e9c3f4cf.csv,submission_e354_e247support_graft_severe_clean_e247_body_vs_clean_cell_geometry_lr_l1_c0p2__b0_50_e9c3f4cf.csv,250,1750,4.834026745580461,0.4448658299342514,2.2518091071925266,1.035883521575161,0.3174575438116688,1.1311041536059485,0.043969679732019734,0.025667420754785487,0.02813531890835092,False,-4.493139560518299e-06,-8.784449058896192e-06,0.5
graft_severe_clean_e247_body_vs_clean_cell_geometry_lr_l1_c0p2__b1.00,e286_support_graft,analysis_outputs/submission_e286_e247contrast_e247_body_vs_clean_cell_geometry_lr_l1_c0p2_anti_amp_ctrl_add_low_preserve_top5_d8b9a2d7.csv,graft_severe_clean,1.0,1.0,none,3,0.1400925061832131,analysis_outputs/submission_e354_e247support_graft_severe_clean_e247_body_vs_clean_cell_geometry_lr_l1_c0p2__b1_00_e5f051cc.csv,submission_e354_e247support_graft_severe_clean_e247_body_vs_clean_cell_geometry_lr_l1_c0p2__b1_00_e5f051cc.csv,250,1750,5.048613232453539,0.4476547577782909,2.26690201658214,1.0419108806560122,0.4054916985840248,1.1430583185027128,0.08793935946403947,0.047040320847908115,0.05627063781670184,False,-4.493139560518299e-06,-8.784449058896192e-06,0.5
graft_severe_clean_e247_body_vs_clean_cell_geometry_lr_l1_c0p2__b1.50,e286_support_graft,analysis_outputs/submission_e286_e247contrast_e247_body_vs_clean_cell_geometry_lr_l1_c0p2_anti_amp_ctrl_add_low_preserve_top5_d8b9a2d7.csv,graft_severe_clean,1.5,1.0,none,3,0.1400925061832131,analysis_outputs/submission_e354_e247support_graft_severe_clean_e247_body_vs_clean_cell_geometry_lr_l1_c0p2__b1_50_faa3334e.csv,submission_e354_e247support_graft_severe_clean_e247_body_vs_clean_cell_geometry_lr_l1_c0p2__b1_50_faa3334e.csv,250,1750,5.267691490654628,0.4522009823658553,2.283344370795831,1.0479382397368628,0.49389621144819607,1.1568749459843826,0.1319090391960592,0.06932272676824298,0.08440595672505277,False,-4.493139560518299e-06,-8.784449058896192e-06,0.5
graft_severe_clean_e247_body_vs_clean_cell_geometry_lr_l1_c0p2__b2.00,e286_support_graft,analysis_outputs/submission_e286_e247contrast_e247_body_vs_clean_cell_geometry_lr_l1_c0p2_anti_amp_ctrl_add_low_preserve_top5_d8b9a2d7.csv,graft_severe_clean,2.0,1.0,none,3,0.1400925061832131,analysis_outputs/submission_e354_e247support_graft_severe_clean_e247_body_vs_clean_cell_geometry_lr_l1_c0p2__b2_00_f6eca32f.csv,submission_e354_e247support_graft_severe_clean_e247_body_vs_clean_cell_geometry_lr_l1_c0p2__b2_00_f6eca32f.csv,250,1750,5.4883232060389,0.45845222817257975,2.300425905735373,1.053965598817714,0.5823668048222446,1.1712428332029692,0.17587871892807894,0.0919020688991169,0.11254127563340369,False,-4.493139560518299e-06,-8.784449058896192e-06,0.5
graft_severe_clean_e247_body_vs_clean_cell_geometry_lr_l1_c0p2__b3.00,e286_support_graft,analysis_outputs/submission_e286_e247contrast_e247_body_vs_clean_cell_geometry_lr_l1_c0p2_anti_amp_ctrl_add_low_preserve_top5_d8b9a2d7.csv,graft_severe_clean,3.0,1.0,none,3,0.1400925061832131,analysis_outputs/submission_e354_e247support_graft_severe_clean_e247_body_vs_clean_cell_geometry_lr_l1_c0p2__b3_00_cfda78f9.csv,submission_e354_e247support_graft_severe_clean_e247_body_vs_clean_cell_geometry_lr_l1_c0p2__b3_00_cfda78f9.csv,250,1750,5.931083460089569,0.47578271507262926,2.3352008071464527,1.0660203169794156,0.7593079915703416,1.2007714873344062,0.2638180783921184,0.13715286521672884,0.16881191345010554,False,-4.493139560518299e-06,-8.784449058896192e-06,0.5
graft_severe_clean_e247_body_vs_clean_cell_geometry_lr_l2_c0p3__b0.50,e286_support_graft,analysis_outputs/submission_e286_e247contrast_e247_body_vs_clean_cell_geometry_lr_l2_c0p3_raw_ctrl_add_low_preserve_top5_0d148e41.csv,graft_severe_clean,0.5,1.0,none,2,0.09573854012608264,analysis_outputs/submission_e354_e247support_graft_severe_clean_e247_body_vs_clean_cell_geometry_lr_l2_c0p3__b0_50_f3544ad0.csv,submission_e354_e247support_graft_severe_clean_e247_body_vs_clean_cell_geometry_lr_l2_c0p3__b0_50_f3544ad0.csv,250,1750,4.737511515212816,0.4443961327991801,2.2447100405738762,1.032191709920775,0.28312872041462467,1.1262551071617906,0.02363399940780591,0.014603439016846303,0.012988498717097069,False,-4.384434150699312e-06,-6.6143805178602e-06,0.4615384615384615
graft_severe_clean_e247_body_vs_clean_cell_geometry_lr_l2_c0p3__b0.50,e286_support_graft,analysis_outputs/submission_e286_e247contrast_e247_body_vs_clean_cell_geometry_lr_l2_c0p3_smooth_weighted_ctrl_add_low_preserve_top5_27ab2576.csv,graft_severe_clean,0.5,1.0,none,2,0.10029827492586812,analysis_outputs/submission_e354_e247support_graft_severe_clean_e247_body_vs_clean_cell_geometry_lr_l2_c0p3__b0_50_90498351.csv,submission_e354_e247support_graft_severe_clean_e247_body_vs_clean_cell_geometry_lr_l2_c0p3__b0_50_90498351.csv,250,1750,4.745216294411878,0.4444419265901544,2.244934957835501,1.0323105605806586,0.28686757183895595,1.1263964186271285,0.02579720001655563,0.015002613587861285,0.013906971925217526,False,-3.897806541310514e-06,-6.227485215777583e-06,0.4615384615384615
graft_severe_clean_e247_body_vs_clean_cell_geometry_lr_l2_c0p3__b0.50,e286_support_graft,analysis_outputs/submission_e286_e247contrast_e247_body_vs_clean_cell_geometry_lr_l2_c0p3_smooth_weighted_ctrl_add_low_preserve_top3_67c7d752.csv,graft_severe_clean,0.5,1.0,none,4,0.05199834953873416,analysis_outputs/submission_e354_e247support_graft_severe_clean_e247_body_vs_clean_cell_geometry_lr_l2_c0p3__b0_50_107e2988.csv,submission_e354_e247support_graft_severe_clean_e247_body_vs_clean_cell_geometry_lr_l2_c0p3__b0_50_107e2988.csv,250,1750,4.666130520918875,0.44399651812498747,2.241502045264453,1.03023347656793,0.25069154462259585,1.1244323784792012,0.006615652466620098,0.009532093692768598,0.0031233298253063118,False,-3.2351964156467454e-06,-4.857012616218415e-06,0.4615384615384615
graft_severe_clean_e247_body_vs_clean_cell_geometry_lr_l2_c0p3__b0.50,e286_support_graft,analysis_outputs/submission_e286_e247contrast_e247_body_vs_clean_cell_geometry_lr_l2_c0p3_raw_ctrl_add_low_preserve_top3_f89fbfd6.csv,graft_severe_clean,0.5,1.0,none,4,0.05101316746465029,analysis_outputs/submission_e354_e247support_graft_severe_clean_e247_body_vs_clean_cell_geometry_lr_l2_c0p3__b0_50_a216739b.csv,submission_e354_e247support_graft_severe_clean_e247_body_vs_clean_cell_geometry_lr_l2_c0p3__b0_50_a216739b.csv,250,1750,4.6688158147089425,0.44401639076882354,2.241797458228174,1.0305024158266836,0.2521479125780093,1.1245262885352907,0.006667463431706258,0.009680880609978957,0.0034933954990989504,False,-2.9830515524425585e-06,-4.319278459338452e-06,0.4615384615384615
graft_severe_clean_e247_body_vs_clean_cell_geometry_lr_l2_c0p3__b1.00,e286_support_graft,analysis_outputs/submission_e286_e247contrast_e247_body_vs_clean_cell_geometry_lr_l2_c0p3_raw_ctrl_add_low_preserve_top5_0d148e41.csv,graft_severe_clean,1.0,1.0,none,2,0.09573854012608264,analysis_outputs/submission_e354_e247support_graft_severe_clean_e247_body_vs_clean_cell_geometry_lr_l2_c0p3__b1_00_6aa5fd3c.csv,submission_e354_e247support_graft_severe_clean_e247_body_vs_clean_cell_geometry_lr_l2_c0p3__b1_00_6aa5fd3c.csv,250,1750,4.846495431594221,0.4458961101638478,2.249769106192171,1.0345272573472397,0.3368340517899366,1.129346852903005,0.04726799881561182,0.02277316711206155,0.025976997434194137,False,-4.384434150699312e-06,-6.6143805178602e-06,0.4615384615384615
graft_severe_clean_e247_body_vs_clean_cell_geometry_lr_l2_c0p3__b1.00,e286_support_graft,analysis_outputs/submission_e286_e247contrast_e247_body_vs_clean_cell_geometry_lr_l2_c0p3_smooth_weighted_ctrl_add_low_preserve_top5_27ab2576.csv,graft_severe_clean,1.0,1.0,none,2,0.10029827492586812,analysis_outputs/submission_e354_e247support_graft_severe_clean_e247_body_vs_clean_cell_geometry_lr_l2_c0p3__b1_00_9e2533b5.csv,submission_e354_e247support_graft_severe_clean_e247_body_vs_clean_cell_geometry_lr_l2_c0p3__b1_00_9e2533b5.csv,250,1750,4.862149711618349,0.4460733954387859,2.2503407822253605,1.0347649586670067,0.3443117546385991,1.129675574770459,0.05159440003311126,0.02364829743337748,0.027813943850435053,False,-3.897806541310514e-06,-6.227485215777583e-06,0.4615384615384615
graft_severe_clean_e247_body_vs_clean_cell_geometry_lr_l2_c0p3__b1.00,e286_support_graft,analysis_outputs/submission_e286_e247contrast_e247_body_vs_clean_cell_geometry_lr_l2_c0p3_smooth_weighted_ctrl_add_low_preserve_top3_67c7d752.csv,graft_severe_clean,1.0,1.0,none,4,0.05199834953873416,analysis_outputs/submission_e354_e247support_graft_severe_clean_e247_body_vs_clean_cell_geometry_lr_l2_c0p3__b1_00_c6cc3b73.csv,submission_e354_e247support_graft_severe_clean_e247_body_vs_clean_cell_geometry_lr_l2_c0p3__b1_00_c6cc3b73.csv,250,1750,4.699388473955489,0.4443865425732622,2.2421575171843107,1.0306107906415494,0.27195970020587973,1.1248059435733395,0.013231304933240196,0.010376557766555893,0.0062466596506126236,False,-3.2351964156467454e-06,-4.857012616218415e-06,0.4615384615384615
graft_severe_clean_e247_body_vs_clean_cell_geometry_lr_l2_c0p3__b1.00,e286_support_graft,analysis_outputs/submission_e286_e247contrast_e247_body_vs_clean_cell_geometry_lr_l2_c0p3_raw_ctrl_add_low_preserve_top3_f89fbfd6.csv,graft_severe_clean,1.0,1.0,none,4,0.05101316746465029,analysis_outputs/submission_e354_e247support_graft_severe_clean_e247_body_vs_clean_cell_geometry_lr_l2_c0p3__b1_00_2eea7708.csv,submission_e354_e247support_graft_severe_clean_e247_body_vs_clean_cell_geometry_lr_l2_c0p3__b1_00_2eea7708.csv,250,1750,4.704883768016243,0.4444427542020716,2.2426653800280305,1.0311486691590572,0.27487243611670564,1.1250543200751022,0.013334926863412516,0.010821244775737333,0.006986790998197901,False,-2.9830515524425585e-06,-4.319278459338452e-06,0.4615384615384615
graft_severe_clean_e247_body_vs_clean_cell_geometry_lr_l2_c0p3__b1.50,e286_support_graft,analysis_outputs/submission_e286_e247contrast_e247_body_vs_clean_cell_geometry_lr_l2_c0p3_raw_ctrl_add_low_preserve_top5_0d148e41.csv,graft_severe_clean,1.5,1.0,none,2,0.09573854012608264,analysis_outputs/submission_e354_e247support_graft_severe_clean_e247_body_vs_clean_cell_geometry_lr_l2_c0p3__b1_50_5b26abbb.csv,submission_e354_e247support_graft_severe_clean_e247_body_vs_clean_cell_geometry_lr_l2_c0p3__b1_50_5b26abbb.csv,250,1750,4.957526967827393,0.4483575097335228,2.255686496687839,1.0368628047737043,0.3905393831652484,1.1330782644489967,0.07090199822341772,0.031492524376895425,0.038965496151291204,False,-4.384434150699312e-06,-6.6143805178602e-06,0.4615384615384615
graft_severe_clean_e247_body_vs_clean_cell_geometry_lr_l2_c0p3__b1.50,e286_support_graft,analysis_outputs/submission_e286_e247contrast_e247_body_vs_clean_cell_geometry_lr_l2_c0p3_smooth_weighted_ctrl_add_low_preserve_top5_27ab2576.csv,graft_severe_clean,1.5,1.0,none,2,0.10029827492586812,analysis_outputs/submission_e354_e247support_graft_severe_clean_e247_body_vs_clean_cell_geometry_lr_l2_c0p3__b1_50_38e5c261.csv,submission_e354_e247support_graft_severe_clean_e247_body_vs_clean_cell_geometry_lr_l2_c0p3__b1_50_38e5c261.csv,250,1750,4.981321127951027,0.44875020436614,2.2566324377345133,1.037219356753355,0.4017559374382422,1.133736505764059,0.07739160004966689,0.032864374435538746,0.04172091577565258,False,-3.897806541310514e-06,-6.227485215777583e-06,0.4615384615384615
graft_severe_clean_e247_body_vs_clean_cell_geometry_lr_l2_c0p3__b1.50,e286_support_graft,analysis_outputs/submission_e286_e247contrast_e247_body_vs_clean_cell_geometry_lr_l2_c0p3_smooth_weighted_ctrl_add_low_preserve_top3_67c7d752.csv,graft_severe_clean,1.5,1.0,none,4,0.05199834953873416,analysis_outputs/submission_e354_e247support_graft_severe_clean_e247_body_vs_clean_cell_geometry_lr_l2_c0p3__b1_50_26a575a4.csv,submission_e354_e247support_graft_severe_clean_e247_body_vs_clean_cell_geometry_lr_l2_c0p3__b1_50_26a575a4.csv,250,1750,4.7329153412245715,0.4450367122346323,2.2428870345204905,1.0309881047151692,0.2932278557891636,1.1252096131118097,0.019846957399860296,0.011385786212159358,0.009369989475918935,False,-3.2351964156467454e-06,-4.857012616218415e-06,0.4615384615384615
graft_severe_clean_e247_body_vs_clean_cell_geometry_lr_l2_c0p3__b1.50,e286_support_graft,analysis_outputs/submission_e286_e247contrast_e247_body_vs_clean_cell_geometry_lr_l2_c0p3_raw_ctrl_add_low_preserve_top3_f89fbfd6.csv,graft_severe_clean,1.5,1.0,none,4,0.05101316746465029,analysis_outputs/submission_e354_e247support_graft_severe_clean_e247_body_vs_clean_cell_geometry_lr_l2_c0p3__b1_50_e21b4eda.csv,submission_e354_e247support_graft_severe_clean_e247_body_vs_clean_cell_geometry_lr_l2_c0p3__b1_50_e21b4eda.csv,250,1750,4.741451803863329,0.4451456181648269,2.243587098812073,1.0317949224914307,0.297596959655402,1.1256512359382733,0.02000239029511877,0.01233901017373409,0.010480186497296852,False,-2.9830515524425585e-06,-4.319278459338452e-06,0.4615384615384615
graft_severe_clean_e247_body_vs_clean_cell_geometry_lr_l2_c0p3__b2.00,e286_support_graft,analysis_outputs/submission_e286_e247contrast_e247_body_vs_clean_cell_geometry_lr_l2_c0p3_raw_ctrl_add_low_preserve_top5_0d148e41.csv,graft_severe_clean,2.0,1.0,none,2,0.09573854012608264,analysis_outputs/submission_e354_e247support_graft_severe_clean_e247_body_vs_clean_cell_geometry_lr_l2_c0p3__b2_00_749231ea.csv,submission_e354_e247support_graft_severe_clean_e247_body_vs_clean_cell_geometry_lr_l2_c0p3__b2_00_749231ea.csv,250,1750,5.070285143565661,0.4517646171098987,2.262083722784441,1.039198352200169,0.44424471454056025,1.137690054113834,0.09453599763122364,0.04057830742704506,0.051953994868388274,False,-4.384434150699312e-06,-6.6143805178602e-06,0.4615384615384615
graft_severe_clean_e247_body_vs_clean_cell_geometry_lr_l2_c0p3__b2.00,e286_support_graft,analysis_outputs/submission_e286_e247contrast_e247_body_vs_clean_cell_geometry_lr_l2_c0p3_smooth_weighted_ctrl_add_low_preserve_top5_27ab2576.csv,graft_severe_clean,2.0,1.0,none,2,0.10029827492586812,analysis_outputs/submission_e354_e247support_graft_severe_clean_e247_body_vs_clean_cell_geometry_lr_l2_c0p3__b2_00_428ba1d1.csv,submission_e354_e247support_graft_severe_clean_e247_body_vs_clean_cell_geometry_lr_l2_c0p3__b2_00_428ba1d1.csv,250,1750,5.102301929684144,0.4524538004175265,2.2634417360103933,1.0396737548397033,0.4592001202378855,1.1387048342446784,0.10318880006622252,0.042464796584390584,0.055627887700870106,False,-3.897806541310514e-06,-6.227485215777583e-06,0.4615384615384615
graft_severe_clean_e247_body_vs_clean_cell_geometry_lr_l2_c0p3__b2.00,e286_support_graft,analysis_outputs/submission_e286_e247contrast_e247_body_vs_clean_cell_geometry_lr_l2_c0p3_smooth_weighted_ctrl_add_low_preserve_top3_67c7d752.csv,graft_severe_clean,2.0,1.0,none,4,0.05199834953873416,analysis_outputs/submission_e354_e247support_graft_severe_clean_e247_body_vs_clean_cell_geometry_lr_l2_c0p3__b2_00_3f5b8ea7.csv,submission_e354_e247support_graft_severe_clean_e247_body_vs_clean_cell_geometry_lr_l2_c0p3__b2_00_3f5b8ea7.csv,250,1750,4.766669940677866,0.4459458892694177,2.2436611564097024,1.0313654187887888,0.3144960113724475,1.1256667576161061,0.026462609866480392,0.012524667323115095,0.012493319301225247,False,-3.2351964156467454e-06,-4.857012616218415e-06,0.4615384615384615
graft_severe_clean_e247_body_vs_clean_cell_geometry_lr_l2_c0p3__b2.00,e286_support_graft,analysis_outputs/submission_e286_e247contrast_e247_body_vs_clean_cell_geometry_lr_l2_c0p3_raw_ctrl_add_low_preserve_top3_f89fbfd6.csv,graft_severe_clean,2.0,1.0,none,4,0.05101316746465029,analysis_outputs/submission_e354_e247support_graft_severe_clean_e247_body_vs_clean_cell_geometry_lr_l2_c0p3__b2_00_d72dbb2d.csv,submission_e354_e247support_graft_severe_clean_e247_body_vs_clean_cell_geometry_lr_l2_c0p3__b2_00_d72dbb2d.csv,250,1750,4.77835030745761,0.446123675786481,2.2446068059919577,1.0324411758238041,0.32032148319409837,1.1263322584372233,0.02666985372682503,0.014005148287305383,0.013973581996395801,False,-2.9830515524425585e-06,-4.319278459338452e-06,0.4615384615384615
graft_severe_clean_e247_body_vs_clean_cell_geometry_lr_l2_c0p3__b3.00,e286_support_graft,analysis_outputs/submission_e286_e247contrast_e247_body_vs_clean_cell_geometry_lr_l2_c0p3_raw_ctrl_add_low_preserve_top5_0d148e41.csv,graft_severe_clean,3.0,1.0,none,2,0.09573854012608264,analysis_outputs/submission_e354_e247support_graft_severe_clean_e247_body_vs_clean_cell_geometry_lr_l2_c0p3__b3_00_182d3ac7.csv,submission_e354_e247support_graft_severe_clean_e247_body_vs_clean_cell_geometry_lr_l2_c0p3__b3_00_182d3ac7.csv,250,1750,5.298325933157644,0.4613263341029899,2.275628206064785,1.0438694470530987,0.5517754476471798,1.1478915307253086,0.14180399644683545,0.05942631291785312,0.07793099230258241,False,-4.384434150699312e-06,-6.6143805178602e-06,0.4615384615384615
graft_severe_clean_e247_body_vs_clean_cell_geometry_lr_l2_c0p3__b3.00,e286_support_graft,analysis_outputs/submission_e286_e247contrast_e247_body_vs_clean_cell_geometry_lr_l2_c0p3_smooth_weighted_ctrl_add_low_preserve_top5_27ab2576.csv,graft_severe_clean,3.0,1.0,none,2,0.10029827492586812,analysis_outputs/submission_e354_e247support_graft_severe_clean_e247_body_vs_clean_cell_geometry_lr_l2_c0p3__b3_00_33d1d495.csv,submission_e354_e247support_graft_severe_clean_e247_body_vs_clean_cell_geometry_lr_l2_c0p3__b3_00_33d1d495.csv,250,1750,5.346704692416966,0.46283593646044885,2.2777720539593798,1.0445825510123998,0.5742618488451482,1.1495254585002312,0.15478320009933377,0.06233774844916835,0.08344183155130516,False,-3.897806541310514e-06,-6.227485215777583e-06,0.4615384615384615
graft_severe_clean_e247_body_vs_clean_cell_geometry_lr_l2_c0p3__b3.00,e286_support_graft,analysis_outputs/submission_e286_e247contrast_e247_body_vs_clean_cell_geometry_lr_l2_c0p3_smooth_weighted_ctrl_add_low_preserve_top3_67c7d752.csv,graft_severe_clean,3.0,1.0,none,4,0.05199834953873416,analysis_outputs/submission_e354_e247support_graft_severe_clean_e247_body_vs_clean_cell_geometry_lr_l2_c0p3__b3_00_00ebab0b.csv,submission_e354_e247support_graft_severe_clean_e247_body_vs_clean_cell_geometry_lr_l2_c0p3__b3_00_00ebab0b.csv,250,1750,4.8349333673150365,0.4485345167381396,2.2454761990388628,1.0321200469360283,0.3570323225390153,1.1267356735633747,0.03969391479972059,0.015135231486197595,0.01873997895183787,False,-3.2351964156467454e-06,-4.857012616218415e-06,0.4615384615384615
graft_severe_clean_e247_body_vs_clean_cell_geometry_lr_l2_c0p3__b3.00,e286_support_graft,analysis_outputs/submission_e286_e247contrast_e247_body_vs_clean_cell_geometry_lr_l2_c0p3_raw_ctrl_add_low_preserve_top3_f89fbfd6.csv,graft_severe_clean,3.0,1.0,none,4,0.05101316746465029,analysis_outputs/submission_e354_e247support_graft_severe_clean_e247_body_vs_clean_cell_geometry_lr_l2_c0p3__b3_00_850641e4.csv,submission_e354_e247support_graft_severe_clean_e247_body_vs_clean_cell_geometry_lr_l2_c0p3__b3_00_850641e4.csv,250,1750,4.852946546458849,0.44889767085701054,2.246944139944368,1.0337336824885512,0.3657705302714912,1.1279225103204724,0.04000478059023754,0.017610529849134728,0.020960372994593704,False,-2.9830515524425585e-06,-4.319278459338452e-06,0.4615384615384615
graft_severe_clean_e247_body_vs_clean_human_plus_geometr_lr_l2__b0.50,e286_support_graft,analysis_outputs/submission_e286_e247contrast_e247_body_vs_clean_human_plus_geometr_lr_l2_c0p3_smooth_weighted_undo_low_preserve_top3_4d6262b1.csv,graft_severe_clean,0.5,1.0,none,2,0.03708474376893002,analysis_outputs/submission_e354_e247support_graft_severe_clean_e247_body_vs_clean_human_plus_geometr_lr_l2__b0_50_68741aa9.csv,submission_e354_e247support_graft_severe_clean_e247_body_vs_clean_human_plus_geometr_lr_l2__b0_50_68741aa9.csv,250,1750,4.672438161907772,0.44419034625654263,2.2417041512141638,1.0303518029812277,0.26095325322176244,1.1245521059726462,0.0022281558788002143,0.009920298162406591,0.00272839447676463,False,-2.8508459616272267e-06,-5.761689502603243e-06,0.4807692307692308
graft_severe_clean_e247_body_vs_clean_human_plus_geometr_lr_l2__b1.00,e286_support_graft,analysis_outputs/submission_e286_e247contrast_e247_body_vs_clean_human_plus_geometr_lr_l2_c0p3_smooth_weighted_undo_low_preserve_top3_4d6262b1.csv,graft_severe_clean,1.0,1.0,none,2,0.03708474376893002,analysis_outputs/submission_e354_e247support_graft_severe_clean_e247_body_vs_clean_human_plus_geometr_lr_l2__b1_00_51688cd8.csv,submission_e354_e247support_graft_severe_clean_e247_body_vs_clean_human_plus_geometr_lr_l2__b1_00_51688cd8.csv,250,1750,4.7126121425727,0.4451966656332677,2.242796325004681,1.030847443468145,0.29248311740421284,1.1250453985602293,0.004456311757600429,0.011526757424301294,0.00545678895352926,False,-2.8508459616272267e-06,-5.761689502603243e-06,0.4807692307692308
graft_severe_clean_e247_body_vs_clean_human_plus_geometr_lr_l2__b1.50,e286_support_graft,analysis_outputs/submission_e286_e247contrast_e247_body_vs_clean_human_plus_geometr_lr_l2_c0p3_smooth_weighted_undo_low_preserve_top3_4d6262b1.csv,graft_severe_clean,1.5,1.0,none,2,0.03708474376893002,analysis_outputs/submission_e354_e247support_graft_severe_clean_e247_body_vs_clean_human_plus_geometr_lr_l2__b1_50_4d97396b.csv,submission_e354_e247support_graft_severe_clean_e247_body_vs_clean_human_plus_geometr_lr_l2__b1_50_4d97396b.csv,250,1750,4.753595277351204,0.4468816667169414,2.2441884190171946,1.0313430839550626,0.32401298158666336,1.125543495552402,0.0066844676364006435,0.013637646173186874,0.00818518343029389,False,-2.8508459616272267e-06,-5.761689502603243e-06,0.4807692307692308
graft_severe_clean_e247_body_vs_clean_human_plus_geometr_lr_l2__b2.00,e286_support_graft,analysis_outputs/submission_e286_e247contrast_e247_body_vs_clean_human_plus_geometr_lr_l2_c0p3_smooth_weighted_undo_low_preserve_top3_4d6262b1.csv,graft_severe_clean,2.0,1.0,none,2,0.03708474376893002,analysis_outputs/submission_e354_e247support_graft_severe_clean_e247_body_vs_clean_human_plus_geometr_lr_l2__b2_00_f4b944c9.csv,submission_e354_e247support_graft_severe_clean_e247_body_vs_clean_human_plus_geometr_lr_l2__b2_00_f4b944c9.csv,250,1750,4.7952073810009,0.4492377127732077,2.245735053949794,1.03183872444198,0.3555428457691138,1.1262651230591103,0.008912623515200857,0.015999432358642894,0.01091357790705852,False,-2.8508459616272267e-06,-5.761689502603243e-06,0.4807692307692308
graft_severe_clean_e247_body_vs_clean_human_plus_geometr_lr_l2__b3.00,e286_support_graft,analysis_outputs/submission_e286_e247contrast_e247_body_vs_clean_human_plus_geometr_lr_l2_c0p3_smooth_weighted_undo_low_preserve_top3_4d6262b1.csv,graft_severe_clean,3.0,1.0,none,2,0.03708474376893002,analysis_outputs/submission_e354_e247support_graft_severe_clean_e247_body_vs_clean_human_plus_geometr_lr_l2__b3_00_15f21964.csv,submission_e354_e247support_graft_severe_clean_e247_body_vs_clean_human_plus_geometr_lr_l2__b3_00_15f21964.csv,250,1750,4.879533479457684,0.45591836589181706,2.24917454218909,1.0328300054158148,0.41860257413401475,1.1281054206556067,0.013368935272801287,0.021081634929768535,0.01637036686058778,False,-2.8508459616272267e-06,-5.761689502603243e-06,0.4807692307692308
graft_severe_clean_e247_body_vs_clean_human_plus_oldlaw__lr_l1__b0.50,e286_support_graft,analysis_outputs/submission_e286_e247contrast_e247_body_vs_clean_human_plus_oldlaw__lr_l1_c0p2_raw_ctrl_add_low_preserve_top5_36eee8bc.csv,graft_severe_clean,0.5,1.0,none,3,0.05853060357166061,analysis_outputs/submission_e354_e247support_graft_severe_clean_e247_body_vs_clean_human_plus_oldlaw__lr_l1__b0_50_846a236e.csv,submission_e354_e247support_graft_severe_clean_e247_body_vs_clean_human_plus_oldlaw__lr_l1__b0_50_846a236e.csv,250,1750,4.680163929993438,0.444051874015162,2.241879449342572,1.0305013375074334,0.2606103850371866,1.124580543462375,0.008575887909330778,0.009855857816155784,0.004160468918385778,False,-4.041416215693369e-06,-5.921966616302087e-06,0.5192307692307693
graft_severe_clean_e247_body_vs_clean_human_plus_oldlaw__lr_l1__b0.50,e286_support_graft,analysis_outputs/submission_e286_e247contrast_e247_body_vs_clean_human_plus_oldlaw__lr_l1_c0p2_anti_amp_ctrl_add_low_preserve_top5_2bbef3bb.csv,graft_severe_clean,0.5,1.0,none,3,0.13033169030069494,analysis_outputs/submission_e354_e247support_graft_severe_clean_e247_body_vs_clean_human_plus_oldlaw__lr_l1__b0_50_c0056ff0.csv,submission_e354_e247support_graft_severe_clean_e247_body_vs_clean_human_plus_oldlaw__lr_l1__b0_50_c0056ff0.csv,250,1750,4.8057542856755315,0.44470956252091326,2.2498623051103186,1.034866842051915,0.30758157524756224,1.129691021964908,0.036972208249038234,0.02296022782409301,0.023820105227695964,False,-3.538267241933191e-06,-7.191957583573359e-06,0.5192307692307693
graft_severe_clean_e247_body_vs_clean_human_plus_oldlaw__lr_l1__b1.00,e286_support_graft,analysis_outputs/submission_e286_e247contrast_e247_body_vs_clean_human_plus_oldlaw__lr_l1_c0p2_raw_ctrl_add_low_preserve_top5_36eee8bc.csv,graft_severe_clean,1.0,1.0,none,3,0.05853060357166061,analysis_outputs/submission_e354_e247support_graft_severe_clean_e247_body_vs_clean_human_plus_oldlaw__lr_l1__b1_00_dafed757.csv,submission_e354_e247support_graft_severe_clean_e247_body_vs_clean_human_plus_oldlaw__lr_l1__b1_00_dafed757.csv,250,1750,4.727771830607786,0.4445869539198319,2.2428604960774035,1.0311465125205566,0.29179738103506025,1.1251534611043617,0.017151775818661556,0.011341266214970482,0.008320937836771555,False,-4.041416215693369e-06,-5.921966616302087e-06,0.5192307692307693
graft_severe_clean_e247_body_vs_clean_human_plus_oldlaw__lr_l1__b1.00,e286_support_graft,analysis_outputs/submission_e286_e247contrast_e247_body_vs_clean_human_plus_oldlaw__lr_l1_c0p2_anti_amp_ctrl_add_low_preserve_top5_2bbef3bb.csv,graft_severe_clean,1.0,1.0,none,3,0.13033169030069494,analysis_outputs/submission_e354_e247support_graft_severe_clean_e247_body_vs_clean_human_plus_oldlaw__lr_l1__b1_00_8db7e7fb.csv,submission_e354_e247support_graft_severe_clean_e247_body_vs_clean_human_plus_oldlaw__lr_l1__b1_00_8db7e7fb.csv,250,1750,4.989661859067144,0.4470646665461673,2.262490591117086,1.0398775216095197,0.38573976145581174,1.1389624450635178,0.07394441649807647,0.041006912867740185,0.04764021045539193,False,-3.538267241933191e-06,-7.191957583573359e-06,0.5192307692307693
graft_severe_clean_e247_body_vs_clean_human_plus_oldlaw__lr_l1__b1.50,e286_support_graft,analysis_outputs/submission_e286_e247contrast_e247_body_vs_clean_human_plus_oldlaw__lr_l1_c0p2_raw_ctrl_add_low_preserve_top5_36eee8bc.csv,graft_severe_clean,1.5,1.0,none,3,0.05853060357166061,analysis_outputs/submission_e354_e247support_graft_severe_clean_e247_body_vs_clean_human_plus_oldlaw__lr_l1__b1_50_4c4cf3d7.csv,submission_e354_e247support_graft_severe_clean_e247_body_vs_clean_human_plus_oldlaw__lr_l1__b1_50_4c4cf3d7.csv,250,1750,4.7759268149073,0.44547130124768625,2.243918999553163,1.0317916875336801,0.32298437703293403,1.1257953874471938,0.025727663727992338,0.013227292857178791,0.012481406755157333,False,-4.041416215693369e-06,-5.921966616302087e-06,0.5192307692307693
graft_severe_clean_e247_body_vs_clean_human_plus_oldlaw__lr_l1__b1.50,e286_support_graft,analysis_outputs/submission_e286_e247contrast_e247_body_vs_clean_human_plus_oldlaw__lr_l1_c0p2_anti_amp_ctrl_add_low_preserve_top5_2bbef3bb.csv,graft_severe_clean,1.5,1.0,none,3,0.13033169030069494,analysis_outputs/submission_e354_e247support_graft_severe_clean_e247_body_vs_clean_human_plus_oldlaw__lr_l1__b1_50_aae7fb4f.csv,submission_e354_e247support_graft_severe_clean_e247_body_vs_clean_human_plus_oldlaw__lr_l1__b1_50_aae7fb4f.csv,250,1750,5.177639072067491,0.4509089321878373,2.2762128526211436,1.0448882011671246,0.4640719124229026,1.1500006408805528,0.1109166247471147,0.06008852454556446,0.07146031568308789,False,-3.538267241933191e-06,-7.191957583573359e-06,0.5192307692307693
graft_severe_clean_e247_body_vs_clean_human_plus_oldlaw__lr_l1__b2.00,e286_support_graft,analysis_outputs/submission_e286_e247contrast_e247_body_vs_clean_human_plus_oldlaw__lr_l1_c0p2_raw_ctrl_add_low_preserve_top5_36eee8bc.csv,graft_severe_clean,2.0,1.0,none,3,0.05853060357166061,analysis_outputs/submission_e354_e247support_graft_severe_clean_e247_body_vs_clean_human_plus_oldlaw__lr_l1__b2_00_62aa2e1c.csv,submission_e354_e247support_graft_severe_clean_e247_body_vs_clean_human_plus_oldlaw__lr_l1__b2_00_62aa2e1c.csv,250,1750,4.824560231596248,0.44670284164660706,2.245154300079875,1.0324368625468034,0.3541713730308077,1.1265755192702964,0.03430355163732311,0.01527674935759861,0.01664187567354311,False,-4.041416215693369e-06,-5.921966616302087e-06,0.5192307692307693
graft_severe_clean_e247_body_vs_clean_human_plus_oldlaw__lr_l1__b2.00,e286_support_graft,analysis_outputs/submission_e286_e247contrast_e247_body_vs_clean_human_plus_oldlaw__lr_l1_c0p2_anti_amp_ctrl_add_low_preserve_top5_2bbef3bb.csv,graft_severe_clean,2.0,1.0,none,3,0.13033169030069494,analysis_outputs/submission_e354_e247support_graft_severe_clean_e247_body_vs_clean_human_plus_oldlaw__lr_l1__b2_00_58ee63ca.csv,submission_e354_e247support_graft_severe_clean_e247_body_vs_clean_human_plus_oldlaw__lr_l1__b2_00_58ee63ca.csv,250,1750,5.367756798146557,0.45620471518361316,2.2907826679980055,1.0498988807247294,0.54260107278852,1.1617530637303564,0.14788883299615294,0.07955185899800823,0.09528042091078386,False,-3.538267241933191e-06,-7.191957583573359e-06,0.5192307692307693
graft_severe_clean_e247_body_vs_clean_human_plus_oldlaw__lr_l1__b3.00,e286_support_graft,analysis_outputs/submission_e286_e247contrast_e247_body_vs_clean_human_plus_oldlaw__lr_l1_c0p2_raw_ctrl_add_low_preserve_top5_36eee8bc.csv,graft_severe_clean,3.0,1.0,none,3,0.05853060357166061,analysis_outputs/submission_e354_e247support_graft_severe_clean_e247_body_vs_clean_human_plus_oldlaw__lr_l1__b3_00_98f8b618.csv,submission_e354_e247support_graft_severe_clean_e247_body_vs_clean_human_plus_oldlaw__lr_l1__b3_00_98f8b618.csv,250,1750,4.922658884427271,0.45019530130334706,2.247962035483037,1.0337272125730497,0.41654536502655515,1.1282924531994745,0.051455327455984676,0.01971367717885464,0.024962813510314666,False,-4.041416215693369e-06,-5.921966616302087e-06,0.5192307692307693
graft_severe_clean_e247_body_vs_clean_human_plus_oldlaw__lr_l1__b3.00,e286_support_graft,analysis_outputs/submission_e286_e247contrast_e247_body_vs_clean_human_plus_oldlaw__lr_l1_c0p2_anti_amp_ctrl_add_low_preserve_top5_2bbef3bb.csv,graft_severe_clean,3.0,1.0,none,3,0.13033169030069494,analysis_outputs/submission_e354_e247support_graft_severe_clean_e247_body_vs_clean_human_plus_oldlaw__lr_l1__b3_00_8a25fe89.csv,submission_e354_e247support_graft_severe_clean_e247_body_vs_clean_human_plus_oldlaw__lr_l1__b3_00_8a25fe89.csv,250,1750,5.749659849633446,0.47094158888600207,2.320571472449973,1.059920239839939,0.6996593935197548,1.1860674161899711,0.2218332494942294,0.11868744677340323,0.14292063136617578,False,-3.538267241933191e-06,-7.191957583573359e-06,0.5192307692307693
graft_severe_clean_e247_common_vs_e28_human_plus_geometr_lr_l2__b0.50,e286_support_graft,analysis_outputs/submission_e286_e247contrast_e247_common_vs_e28_human_plus_geometr_lr_l2_c0p3_anti_amp_add_high_preserve_top3_eaa52596.csv,graft_severe_clean,0.5,1.0,none,3,0.05902847703710781,analysis_outputs/submission_e354_e247support_graft_severe_clean_e247_common_vs_e28_human_plus_geometr_lr_l2__b0_50_f6d22ead.csv,submission_e354_e247support_graft_severe_clean_e247_common_vs_e28_human_plus_geometr_lr_l2__b0_50_f6d22ead.csv,250,1750,4.698678577459287,0.4443115312271956,2.2433580008560274,1.0315222825163675,0.2672551665180657,1.1254899903481832,0.011307138325630538,0.01211028955211747,0.007635709342895515,False,-3.162831074790456e-06,-4.906552396210426e-06,0.4807692307692308
graft_severe_clean_e247_common_vs_e28_human_plus_geometr_lr_l2__b1.00,e286_support_graft,analysis_outputs/submission_e286_e247contrast_e247_common_vs_e28_human_plus_geometr_lr_l2_c0p3_anti_amp_add_high_preserve_top3_eaa52596.csv,graft_severe_clean,1.0,1.0,none,3,0.05902847703710781,analysis_outputs/submission_e354_e247support_graft_severe_clean_e247_common_vs_e28_human_plus_geometr_lr_l2__b1_00_8eb5a701.csv,submission_e354_e247support_graft_severe_clean_e247_common_vs_e28_human_plus_geometr_lr_l2__b1_00_8eb5a701.csv,250,1750,4.767134518676908,0.4455885870726396,2.246281397360998,1.0331884025384244,0.30508694399681857,1.127445337209843,0.022614276651261075,0.017246742233772063,0.01527141868579103,False,-3.162831074790456e-06,-4.906552396210426e-06,0.4807692307692308
graft_severe_clean_e247_common_vs_e28_human_plus_geometr_lr_l2__b1.50,e286_support_graft,analysis_outputs/submission_e286_e247contrast_e247_common_vs_e28_human_plus_geometr_lr_l2_c0p3_anti_amp_add_high_preserve_top3_eaa52596.csv,graft_severe_clean,1.5,1.0,none,3,0.05902847703710781,analysis_outputs/submission_e354_e247support_graft_severe_clean_e247_common_vs_e28_human_plus_geometr_lr_l2__b1_50_46f157a4.csv,submission_e354_e247support_graft_severe_clean_e247_common_vs_e28_human_plus_geometr_lr_l2__b1_50_46f157a4.csv,250,1750,4.836844460847253,0.4476913650508605,2.249770557922039,1.0348545225604815,0.34291872147557145,1.129657446199631,0.03392141497689162,0.022814669683952724,0.022907128028686545,False,-3.162831074790456e-06,-4.906552396210426e-06,0.4807692307692308
graft_severe_clean_e247_common_vs_e28_human_plus_geometr_lr_l2__b2.00,e286_support_graft,analysis_outputs/submission_e286_e247contrast_e247_common_vs_e28_human_plus_geometr_lr_l2_c0p3_anti_amp_add_high_preserve_top3_eaa52596.csv,graft_severe_clean,2.0,1.0,none,3,0.05902847703710781,analysis_outputs/submission_e354_e247support_graft_severe_clean_e247_common_vs_e28_human_plus_geometr_lr_l2__b2_00_a14976c4.csv,submission_e354_e247support_graft_severe_clean_e247_common_vs_e28_human_plus_geometr_lr_l2__b2_00_a14976c4.csv,250,1750,4.907700147840149,0.45060830553440717,2.2537541348447263,1.0365206425825384,0.38075049895432433,1.1322833656211877,0.04522855330252215,0.0286201151632686,0.03054283737158206,False,-3.162831074790456e-06,-4.906552396210426e-06,0.4807692307692308
graft_severe_clean_e247_common_vs_e28_human_plus_geometr_lr_l2__b3.00,e286_support_graft,analysis_outputs/submission_e286_e247contrast_e247_common_vs_e28_human_plus_geometr_lr_l2_c0p3_anti_amp_add_high_preserve_top3_eaa52596.csv,graft_severe_clean,3.0,1.0,none,3,0.05902847703710781,analysis_outputs/submission_e354_e247support_graft_severe_clean_e247_common_vs_e28_human_plus_geometr_lr_l2__b3_00_66e957a8.csv,submission_e354_e247support_graft_severe_clean_e247_common_vs_e28_human_plus_geometr_lr_l2__b3_00_66e957a8.csv,250,1750,5.051806236033093,0.4588182321561445,2.2622929580061126,1.0398528826266527,0.4564140539118301,1.1388738118560637,0.06784282995378324,0.04071544362127694,0.04581425605737309,False,-3.162831074790456e-06,-4.906552396210426e-06,0.4807692307692308
graft_severe_clean_e247_only_vs_e256__human_social_lr_l2_c0p3_a_b0.50,e286_support_graft,analysis_outputs/submission_e286_e247contrast_e247_only_vs_e256__human_social_lr_l2_c0p3_anti_amp_add_high_preserve_top3_18f9379b.csv,graft_severe_clean,0.5,1.0,none,3,0.028455830703947728,analysis_outputs/submission_e354_e247support_graft_severe_clean_e247_only_vs_e256__human_social_lr_l2_c0p3_a_b0_50_9c13513d.csv,submission_e354_e247support_graft_severe_clean_e247_only_vs_e256__human_social_lr_l2_c0p3_a_b0_50_9c13513d.csv,250,1750,4.660602113646266,0.44399769454641447,2.2414276671890434,1.0301935244405929,0.24956833684303772,1.1243610491005886,0.003632640251647809,0.009406432780418169,0.0020124630409372813,False,-2.9994125537666696e-06,-4.434575000308268e-06,0.173076923076923
graft_severe_clean_e247_only_vs_e256__human_social_lr_l2_c0p3_a_b1.00,e286_support_graft,analysis_outputs/submission_e286_e247contrast_e247_only_vs_e256__human_social_lr_l2_c0p3_anti_amp_add_high_preserve_top3_18f9379b.csv,graft_severe_clean,1.0,1.0,none,3,0.028455830703947728,analysis_outputs/submission_e354_e247support_graft_severe_clean_e247_only_vs_e256__human_social_lr_l2_c0p3_a_b1_00_379b49a8.csv,submission_e354_e247support_graft_severe_clean_e247_only_vs_e256__human_social_lr_l2_c0p3_a_b1_00_379b49a8.csv,250,1750,4.688115341615114,0.44438615645502405,2.24191110264416,1.0305308863868754,0.2697132846467626,1.1246632848161147,0.007265280503295618,0.010006576536031092,0.0040249260818745625,False,-2.9994125537666696e-06,-4.434575000308268e-06,0.173076923076923
graft_severe_clean_e247_only_vs_e256__human_social_lr_l2_c0p3_a_b1.50,e286_support_graft,analysis_outputs/submission_e286_e247contrast_e247_only_vs_e256__human_social_lr_l2_c0p3_anti_amp_add_high_preserve_top3_18f9379b.csv,graft_severe_clean,1.5,1.0,none,3,0.028455830703947728,analysis_outputs/submission_e354_e247support_graft_severe_clean_e247_only_vs_e256__human_social_lr_l2_c0p3_a_b1_50_5a8ac6b6.csv,submission_e354_e247support_graft_severe_clean_e247_only_vs_e256__human_social_lr_l2_c0p3_a_b1_50_5a8ac6b6.csv,250,1750,4.715865879967839,0.4450320345281993,2.2424577132326533,1.030868248333158,0.28985823245048753,1.1249743087164048,0.010897920754943426,0.010772067357379941,0.006037389122811843,False,-2.9994125537666696e-06,-4.434575000308268e-06,0.173076923076923
graft_severe_clean_e247_only_vs_e256__human_social_lr_l2_c0p3_a_b2.00,e286_support_graft,analysis_outputs/submission_e286_e247contrast_e247_only_vs_e256__human_social_lr_l2_c0p3_anti_amp_add_high_preserve_top3_18f9379b.csv,graft_severe_clean,2.0,1.0,none,3,0.028455830703947728,analysis_outputs/submission_e354_e247support_graft_severe_clean_e247_only_vs_e256__human_social_lr_l2_c0p3_a_b2_00_de01c08a.csv,submission_e354_e247support_graft_severe_clean_e247_only_vs_e256__human_social_lr_l2_c0p3_a_b2_00_de01c08a.csv,250,1750,4.74383348355647,0.44593421026520147,2.243032885886769,1.0312056102794407,0.3100031802542124,1.1253255309052475,0.014530561006591235,0.011685863060460162,0.008049852163749125,False,-2.9994125537666696e-06,-4.434575000308268e-06,0.173076923076923
graft_severe_clean_e247_only_vs_e256__human_social_lr_l2_c0p3_a_b3.00,e286_support_graft,analysis_outputs/submission_e286_e247contrast_e247_only_vs_e256__human_social_lr_l2_c0p3_anti_amp_add_high_preserve_top3_18f9379b.csv,graft_severe_clean,3.0,1.0,none,3,0.028455830703947728,analysis_outputs/submission_e354_e247support_graft_severe_clean_e247_only_vs_e256__human_social_lr_l2_c0p3_a_b3_00_07514c1d.csv,submission_e354_e247support_graft_severe_clean_e247_only_vs_e256__human_social_lr_l2_c0p3_a_b3_00_07514c1d.csv,250,1750,4.800111765292996,0.44850082876761105,2.2442616521015877,1.0318803341720058,0.35029307586166214,1.1261091373515282,0.02179584150988685,0.013696946050701705,0.012074778245623686,False,-2.9994125537666696e-06,-4.434575000308268e-06,0.173076923076923
graft_severe_clean_e247_only_vs_e256__human_social_lr_l2_c0p3_s_b0.50,e286_support_graft,analysis_outputs/submission_e286_e247contrast_e247_only_vs_e256__human_social_lr_l2_c0p3_smooth_weighted_add_high_preserve_top5_47be80e7.csv,graft_severe_clean,0.5,1.0,none,4,0.037964273716056075,analysis_outputs/submission_e354_e247support_graft_severe_clean_e247_only_vs_e256__human_social_lr_l2_c0p3_s_b0_50_5be49613.csv,submission_e354_e247support_graft_severe_clean_e247_only_vs_e256__human_social_lr_l2_c0p3_s_b0_50_5be49613.csv,250,1750,4.675557973776577,0.4440858383128296,2.241340222421895,1.030122529407422,0.2620173322604029,1.1242753494433884,0.00610083465433176,0.009309882086595486,0.0023918235025424135,False,-3.8482450484238136e-06,-5.803771193451682e-06,0.173076923076923
graft_severe_clean_e247_only_vs_e256__human_social_lr_l2_c0p3_s_b0.50,e286_support_graft,analysis_outputs/submission_e286_e247contrast_e247_only_vs_e256__human_social_lr_l2_c0p3_smooth_weighted_add_high_preserve_top3_229be73c.csv,graft_severe_clean,0.5,1.0,none,4,0.033690253984558924,analysis_outputs/submission_e354_e247support_graft_severe_clean_e247_only_vs_e256__human_social_lr_l2_c0p3_s_b0_50_99510e31.csv,submission_e354_e247support_graft_severe_clean_e247_only_vs_e256__human_social_lr_l2_c0p3_s_b0_50_99510e31.csv,250,1750,4.664423893801684,0.4440308609821943,2.241325698800611,1.0300889458145832,0.2523950443171337,1.1242858182166495,0.004818276055301914,0.00935921831722659,0.0021508922801783265,False,-3.121312925466644e-06,-4.4562140722175655e-06,0.173076923076923
graft_severe_clean_e247_only_vs_e256__human_social_lr_l2_c0p3_s_b1.00,e286_support_graft,analysis_outputs/submission_e286_e247contrast_e247_only_vs_e256__human_social_lr_l2_c0p3_smooth_weighted_add_high_preserve_top5_47be80e7.csv,graft_severe_clean,1.0,1.0,none,4,0.037964273716056075,analysis_outputs/submission_e354_e247support_graft_severe_clean_e247_only_vs_e256__human_social_lr_l2_c0p3_s_b1_00_8c256b39.csv,submission_e354_e247support_graft_severe_clean_e247_only_vs_e256__human_social_lr_l2_c0p3_s_b1_00_8c256b39.csv,250,1750,4.717821499614679,0.44473183623148693,2.241694810386435,1.030388896320534,0.2946112754814931,1.124491885501714,0.01220166930866352,0.0096493156107555,0.004783647005084827,False,-3.8482450484238136e-06,-5.803771193451682e-06,0.173076923076923
graft_severe_clean_e247_only_vs_e256__human_social_lr_l2_c0p3_s_b1.00,e286_support_graft,analysis_outputs/submission_e286_e247contrast_e247_only_vs_e256__human_social_lr_l2_c0p3_smooth_weighted_add_high_preserve_top3_229be73c.csv,graft_severe_clean,1.0,1.0,none,4,0.033690253984558924,analysis_outputs/submission_e354_e247support_graft_severe_clean_e247_only_vs_e256__human_social_lr_l2_c0p3_s_b1_00_ca0483fa.csv,submission_e354_e247support_graft_severe_clean_e247_only_vs_e256__human_social_lr_l2_c0p3_s_b1_00_ca0483fa.csv,250,1750,4.695567414310584,0.4445237915718928,2.2416819286406033,1.0303217291348563,0.2753666995949554,1.1245128230482362,0.009636552110603828,0.009745897220971914,0.004301784560356653,False,-3.121312925466644e-06,-4.4562140722175655e-06,0.173076923076923
graft_severe_clean_e247_only_vs_e256__human_social_lr_l2_c0p3_s_b1.50,e286_support_graft,analysis_outputs/submission_e286_e247contrast_e247_only_vs_e256__human_social_lr_l2_c0p3_smooth_weighted_add_high_preserve_top5_47be80e7.csv,graft_severe_clean,1.5,1.0,none,4,0.037964273716056075,analysis_outputs/submission_e354_e247support_graft_severe_clean_e247_only_vs_e256__human_social_lr_l2_c0p3_s_b1_50_33416628.csv,submission_e354_e247support_graft_severe_clean_e247_only_vs_e256__human_social_lr_l2_c0p3_s_b1_50_33416628.csv,250,1750,4.760250509050163,0.4458034600592052,2.242074824406677,1.030655263233646,0.3272052187025831,1.1247084215600396,0.01830250396299528,0.010128806676595138,0.00717547050762724,False,-3.8482450484238136e-06,-5.803771193451682e-06,0.173076923076923
graft_severe_clean_e247_only_vs_e256__human_social_lr_l2_c0p3_s_b1.50,e286_support_graft,analysis_outputs/submission_e286_e247contrast_e247_only_vs_e256__human_social_lr_l2_c0p3_smooth_weighted_add_high_preserve_top3_229be73c.csv,graft_severe_clean,1.5,1.0,none,4,0.033690253984558924,analysis_outputs/submission_e354_e247support_graft_severe_clean_e247_only_vs_e256__human_social_lr_l2_c0p3_s_b1_50_77db14fd.csv,submission_e354_e247support_graft_severe_clean_e247_only_vs_e256__human_social_lr_l2_c0p3_s_b1_50_77db14fd.csv,250,1750,4.726974284828232,0.4453450226553373,2.242140365716417,1.0305545124551292,0.2983383548727772,1.124739827879823,0.01445482816590574,0.010293718897644613,0.006452676840534979,False,-3.121312925466644e-06,-4.4562140722175655e-06,0.173076923076923
graft_severe_clean_e247_only_vs_e256__human_social_lr_l2_c0p3_s_b2.00,e286_support_graft,analysis_outputs/submission_e286_e247contrast_e247_only_vs_e256__human_social_lr_l2_c0p3_smooth_weighted_add_high_preserve_top5_47be80e7.csv,graft_severe_clean,2.0,1.0,none,4,0.037964273716056075,analysis_outputs/submission_e354_e247support_graft_severe_clean_e247_only_vs_e256__human_social_lr_l2_c0p3_s_b2_00_574ac0e4.csv,submission_e354_e247support_graft_severe_clean_e247_only_vs_e256__human_social_lr_l2_c0p3_s_b2_00_574ac0e4.csv,250,1750,4.802829944740813,0.44729765069671007,2.242474321471568,1.030921630146758,0.3597991619236732,1.1249472689679831,0.02440333861732704,0.01071692960333358,0.009567294010169654,False,-3.8482450484238136e-06,-5.803771193451682e-06,0.173076923076923
graft_severe_clean_e247_only_vs_e256__human_social_lr_l2_c0p3_s_b2.00,e286_support_graft,analysis_outputs/submission_e286_e247contrast_e247_only_vs_e256__human_social_lr_l2_c0p3_smooth_weighted_add_high_preserve_top3_229be73c.csv,graft_severe_clean,2.0,1.0,none,4,0.033690253984558924,analysis_outputs/submission_e354_e247support_graft_severe_clean_e247_only_vs_e256__human_social_lr_l2_c0p3_s_b2_00_f11fb34e.csv,submission_e354_e247support_graft_severe_clean_e247_only_vs_e256__human_social_lr_l2_c0p3_s_b2_00_f11fb34e.csv,250,1750,4.75847553850469,0.4464927427135662,2.2426151209402843,1.030787295775402,0.321310010150599,1.1249696000699592,0.019273104221207656,0.010916838226526403,0.008603569120713306,False,-3.121312925466644e-06,-4.4562140722175655e-06,0.173076923076923
graft_severe_clean_e247_only_vs_e256__human_social_lr_l2_c0p3_s_b3.00,e286_support_graft,analysis_outputs/submission_e286_e247contrast_e247_only_vs_e256__human_social_lr_l2_c0p3_smooth_weighted_add_high_preserve_top5_47be80e7.csv,graft_severe_clean,3.0,1.0,none,4,0.037964273716056075,analysis_outputs/submission_e354_e247support_graft_severe_clean_e247_only_vs_e256__human_social_lr_l2_c0p3_s_b3_00_55fe3637.csv,submission_e354_e247support_graft_severe_clean_e247_only_vs_e256__human_social_lr_l2_c0p3_s_b3_00_55fe3637.csv,250,1750,4.888284387250844,0.4515357664462386,2.243316783443536,1.0314543639729818,0.42498704836585344,1.1254654698103268,0.03660500792599056,0.012104772716900948,0.01435094101525448,False,-3.8482450484238136e-06,-5.803771193451682e-06,0.173076923076923
graft_severe_clean_e247_only_vs_e256__human_social_lr_l2_c0p3_s_b3.00,e286_support_graft,analysis_outputs/submission_e286_e247contrast_e247_only_vs_e256__human_social_lr_l2_c0p3_smooth_weighted_add_high_preserve_top3_229be73c.csv,graft_severe_clean,3.0,1.0,none,4,0.033690253984558924,analysis_outputs/submission_e354_e247support_graft_severe_clean_e247_only_vs_e256__human_social_lr_l2_c0p3_s_b3_00_c14cd1e3.csv,submission_e354_e247support_graft_severe_clean_e247_only_vs_e256__human_social_lr_l2_c0p3_s_b3_00_c14cd1e3.csv,250,1750,4.82177101976881,0.4497569409854488,2.243627134730283,1.0312528624159483,0.3672533207062425,1.125504789662252,0.02890965633181148,0.012317902241202739,0.012905353681069959,False,-3.121312925466644e-06,-4.4562140722175655e-06,0.173076923076923
guard_e247_body_all_f0.00,e351_q3_guard,analysis_outputs/submission_e351_robustplateau_selected_compact_t75_s1_005_s3a0_25_58e03127_uploadsafe.csv,q3_guard,0.0,0.0,e247_body,0,0.0,analysis_outputs/submission_e354_e247support_guard_e247_body_all_f0_00_061b5cb2.csv,submission_e354_e247support_guard_e247_body_all_f0_00_061b5cb2.csv,248,619,4.499420748404011,0.44015013862920466,2.241007611389761,1.0298561624943101,0.09532221601637733,1.1240588133850626,0.0,0.009175945118500346,0.0,False,,,
guard_e247_body_all_f0.25,e351_q3_guard,analysis_outputs/submission_e351_robustplateau_selected_compact_t75_s1_005_s3a0_25_58e03127_uploadsafe.csv,q3_guard,0.0,0.25,e247_body,0,0.0,analysis_outputs/submission_e354_e247support_guard_e247_body_all_f0_25_ef4248aa.csv,submission_e354_e247support_guard_e247_body_all_f0_25_ef4248aa.csv,248,625,4.532946041659745,0.44038338197578736,2.241007611389761,1.0298561624943101,0.1288475092721112,1.1240588133850626,0.0,0.009175945118500346,0.0,False,,,
guard_e247_body_all_f0.50,e351_q3_guard,analysis_outputs/submission_e351_robustplateau_selected_compact_t75_s1_005_s3a0_25_58e03127_uploadsafe.csv,q3_guard,0.0,0.5,e247_body,0,0.0,analysis_outputs/submission_e354_e247support_guard_e247_body_all_f0_50_4622a3b7.csv,submission_e354_e247support_guard_e247_body_all_f0_50_4622a3b7.csv,248,625,4.566471334915479,0.44108237198487626,2.241007611389761,1.0298561624943101,0.16237280252784508,1.1240588133850626,0.0,0.009175945118500346,0.0,False,,,
guard_e247_common_all_f0.00,e351_q3_guard,analysis_outputs/submission_e351_robustplateau_selected_compact_t75_s1_005_s3a0_25_58e03127_uploadsafe.csv,q3_guard,0.0,0.0,e247_common,0,0.0,analysis_outputs/submission_e354_e247support_guard_e247_common_all_f0_00_89028e67.csv,submission_e354_e247support_guard_e247_common_all_f0_00_89028e67.csv,248,622,4.54912532062869,0.4411440372055261,2.241007611389761,1.0298561624943101,0.1450267882410558,1.1240588133850626,0.0,0.009175945118500346,0.0,False,,,
guard_e247_common_all_f0.25,e351_q3_guard,analysis_outputs/submission_e351_robustplateau_selected_compact_t75_s1_005_s3a0_25_58e03127_uploadsafe.csv,q3_guard,0.0,0.25,e247_common,0,0.0,analysis_outputs/submission_e354_e247support_guard_e247_common_all_f0_25_c8ff6f06.csv,submission_e354_e247support_guard_e247_common_all_f0_25_c8ff6f06.csv,248,625,4.570224470828254,0.4413147350054687,2.241007611389761,1.0298561624943101,0.16612593844062007,1.1240588133850626,0.0,0.009175945118500346,0.0,False,,,
guard_e247_common_all_f0.50,e351_q3_guard,analysis_outputs/submission_e351_robustplateau_selected_compact_t75_s1_005_s3a0_25_58e03127_uploadsafe.csv,q3_guard,0.0,0.5,e247_common,0,0.0,analysis_outputs/submission_e354_e247support_guard_e247_common_all_f0_50_ac6ba599.csv,submission_e354_e247support_guard_e247_common_all_f0_50_ac6ba599.csv,248,625,4.5913236210278185,0.4418264327151744,2.241007611389761,1.0298561624943101,0.18722508864018433,1.1240588133850626,0.0,0.009175945118500346,0.0,False,,,
guard_e247_only_all_f0.00,e351_q3_guard,analysis_outputs/submission_e351_robustplateau_selected_compact_t75_s1_005_s3a0_25_58e03127_uploadsafe.csv,q3_guard,0.0,0.0,e247_only,0,0.0,analysis_outputs/submission_e354_e247support_guard_e247_only_all_f0_00_996247ed.csv,submission_e354_e247support_guard_e247_only_all_f0_00_996247ed.csv,248,622,4.583817349202269,0.4428795376517322,2.241007611389761,1.0298561624943101,0.17971881681463434,1.1240588133850626,0.0,0.009175945118500346,0.0,False,,,
guard_e247_only_all_f0.25,e351_q3_guard,analysis_outputs/submission_e351_robustplateau_selected_compact_t75_s1_005_s3a0_25_58e03127_uploadsafe.csv,q3_guard,0.0,0.25,e247_only,0,0.0,analysis_outputs/submission_e354_e247support_guard_e247_only_all_f0_25_c28bb99b.csv,submission_e354_e247support_guard_e247_only_all_f0_25_c28bb99b.csv,248,625,4.596243492258438,0.44294133887545395,2.241007611389761,1.0298561624943101,0.19214495987080396,1.1240588133850626,0.0,0.009175945118500346,0.0,False,,,
guard_e247_only_all_f0.50,e351_q3_guard,analysis_outputs/submission_e351_robustplateau_selected_compact_t75_s1_005_s3a0_25_58e03127_uploadsafe.csv,q3_guard,0.0,0.5,e247_only,0,0.0,analysis_outputs/submission_e354_e247support_guard_e247_only_all_f0_50_63890a55.csv,submission_e354_e247support_guard_e247_only_all_f0_50_63890a55.csv,248,625,4.608669635314607,0.44312669083150785,2.241007611389761,1.0298561624943101,0.20457110292697359,1.1240588133850626,0.0,0.009175945118500346,0.0,False,,,
canonical_e349,reference,analysis_outputs/submission_e349_lifestate_ablate_selected_cell_abs_top65_q1q2q3s1_93c55c92_uploadsafe.csv,reference,0.0,1.0,none,0,0.0,analysis_outputs/submission_e349_lifestate_ablate_selected_cell_abs_top65_q1q2q3s1_93c55c92_uploadsafe.csv,submission_e349_lifestate_ablate_selected_cell_abs_top65_q1q2q3s1_93c55c92_uploadsafe.csv,216,356,4.600215422928633,0.44165825907191913,2.2292117377732796,1.0247324999943386,0.22828197914359466,1.1179892060174192,0.0,0.0,0.0,,,,
canonical_e350,reference,analysis_outputs/submission_e350_compactplateau_selected_compact_t45_s1_005_s3a1_00_ef54727b_uploadsafe.csv,reference,0.0,1.0,none,0,0.0,analysis_outputs/submission_e350_compactplateau_selected_compact_t45_s1_005_s3a1_00_ef54727b_uploadsafe.csv,submission_e350_compactplateau_selected_compact_t45_s1_005_s3a1_00_ef54727b_uploadsafe.csv,220,375,4.64748360534309,0.4438773840908378,2.2362126774621682,1.0298561624943101,0.22942338903931284,1.1202538009475909,0.0,0.0317375753997074,0.0,,,,
canonical_e351,reference,analysis_outputs/submission_e351_robustplateau_selected_compact_t75_s1_005_s3a0_25_58e03127_uploadsafe.csv,reference,0.0,1.0,none,0,0.0,analysis_outputs/submission_e351_robustplateau_selected_compact_t75_s1_005_s3a0_25_58e03127_uploadsafe.csv,submission_e351_robustplateau_selected_compact_t75_s1_005_s3a0_25_58e03127_uploadsafe.csv,248,625,4.633521921426946,0.44386732465602213,2.241007611389761,1.0298561624943101,0.22942338903931284,1.1240588133850626,0.0,0.009175945118500346,0.0,,,,
