split,episode,target,mode,rep,null_delta
subject5,commute_pressure,Q1,row,0,0.001393048416042597
subject5,commute_pressure,Q1,row,1,0.0016063427128075736
subject5,commute_pressure,Q1,row,2,-0.0002123183524691541
subject5,commute_pressure,Q1,subject,0,0.000912706852428613
subject5,commute_pressure,Q1,subject,1,0.0005809655960917759
subject5,commute_pressure,Q1,subject,2,-0.0002748139586186138
subject5,commute_pressure,Q1,dateblock,0,0.00424282039090107
subject5,commute_pressure,Q1,dateblock,1,0.0018945822484547348
subject5,commute_pressure,Q1,dateblock,2,0.0014406026099116342
subject5,commute_pressure,Q2,row,0,0.001041990618812827
subject5,commute_pressure,Q2,row,1,0.004702604802276578
subject5,commute_pressure,Q2,row,2,0.0024776568269667676
subject5,commute_pressure,Q2,subject,0,0.0052160115601136425
subject5,commute_pressure,Q2,subject,1,-0.0005516010593297205
subject5,commute_pressure,Q2,subject,2,0.00618346601279729
subject5,commute_pressure,Q2,dateblock,0,0.004346500015582677
subject5,commute_pressure,Q2,dateblock,1,0.0018924585031309116
subject5,commute_pressure,Q2,dateblock,2,0.009120143439615425
subject5,commute_pressure,Q3,row,0,0.002647498267812076
subject5,commute_pressure,Q3,row,1,-0.0018283900444774348
subject5,commute_pressure,Q3,row,2,0.0011002837608244942
subject5,commute_pressure,Q3,subject,0,3.5913605215043276e-05
subject5,commute_pressure,Q3,subject,1,0.0020574695952563227
subject5,commute_pressure,Q3,subject,2,0.0049219991348213865
subject5,commute_pressure,Q3,dateblock,0,-0.0094014935121155
subject5,commute_pressure,Q3,dateblock,1,0.004185064232536062
subject5,commute_pressure,Q3,dateblock,2,8.828353506706854e-05
subject5,commute_pressure,S1,row,0,-0.00044481146274533145
subject5,commute_pressure,S1,row,1,0.0013104360249166502
subject5,commute_pressure,S1,row,2,0.0020985966873997564
subject5,commute_pressure,S1,subject,0,-0.007216938293461261
subject5,commute_pressure,S1,subject,1,0.01665082297995546
subject5,commute_pressure,S1,subject,2,-0.004304441123659797
subject5,commute_pressure,S1,dateblock,0,-0.0071814794471261045
subject5,commute_pressure,S1,dateblock,1,0.006518635182386934
subject5,commute_pressure,S1,dateblock,2,0.013813760351072513
subject5,commute_pressure,S2,row,0,0.0004638558221826683
subject5,commute_pressure,S2,row,1,0.0002846233053575009
subject5,commute_pressure,S2,row,2,0.004919499989652354
subject5,commute_pressure,S2,subject,0,0.011973032837360509
subject5,commute_pressure,S2,subject,1,0.004605218601846928
subject5,commute_pressure,S2,subject,2,0.00525033466309055
subject5,commute_pressure,S2,dateblock,0,-0.004361538972154411
subject5,commute_pressure,S2,dateblock,1,0.0013964663590214643
subject5,commute_pressure,S2,dateblock,2,0.0003138824704048693
subject5,commute_pressure,S3,row,0,0.0030236710830783275
subject5,commute_pressure,S3,row,1,-0.001660255403546751
subject5,commute_pressure,S3,row,2,0.002442870041432177
subject5,commute_pressure,S3,subject,0,0.002345806925437177
subject5,commute_pressure,S3,subject,1,-0.004940245889593853
subject5,commute_pressure,S3,subject,2,-0.006226440247541487
subject5,commute_pressure,S3,dateblock,0,0.002730045479643173
subject5,commute_pressure,S3,dateblock,1,-0.00562759790530909
subject5,commute_pressure,S3,dateblock,2,-0.0009487064889790453
subject5,commute_pressure,S4,row,0,0.0016969706315211885
subject5,commute_pressure,S4,row,1,0.000897540330294766
subject5,commute_pressure,S4,row,2,0.0018804645409014054
subject5,commute_pressure,S4,subject,0,-0.00019394630159064175
subject5,commute_pressure,S4,subject,1,0.001306741797516664
subject5,commute_pressure,S4,subject,2,0.00037521048174704585
subject5,commute_pressure,S4,dateblock,0,0.0006676248927648398
subject5,commute_pressure,S4,dateblock,1,0.002461797450017511
subject5,commute_pressure,S4,dateblock,2,0.002253788859681083
subject5,bedtime_arousal,Q1,row,0,0.00123872504990441
subject5,bedtime_arousal,Q1,row,1,0.0004819189419280612
subject5,bedtime_arousal,Q1,row,2,-0.00018321003282073534
subject5,bedtime_arousal,Q1,subject,0,-6.3555035737628e-05
subject5,bedtime_arousal,Q1,subject,1,0.004816611589317121
subject5,bedtime_arousal,Q1,subject,2,0.0007816515216428899
subject5,bedtime_arousal,Q1,dateblock,0,0.0004033323295635771
subject5,bedtime_arousal,Q1,dateblock,1,0.002249364282304156
subject5,bedtime_arousal,Q1,dateblock,2,0.006300730248080977
subject5,bedtime_arousal,Q2,row,0,0.0009334243797586295
subject5,bedtime_arousal,Q2,row,1,0.002677245291225261
subject5,bedtime_arousal,Q2,row,2,0.0017755935584099491
subject5,bedtime_arousal,Q2,subject,0,0.004806963264517572
subject5,bedtime_arousal,Q2,subject,1,0.001832814994221721
subject5,bedtime_arousal,Q2,subject,2,0.0004191631814088881
subject5,bedtime_arousal,Q2,dateblock,0,0.013455811326601563
subject5,bedtime_arousal,Q2,dateblock,1,0.007920198328535633
subject5,bedtime_arousal,Q2,dateblock,2,0.0017357832641873294
subject5,bedtime_arousal,Q3,row,0,0.006123903005222142
subject5,bedtime_arousal,Q3,row,1,0.0016155759797015223
subject5,bedtime_arousal,Q3,row,2,-0.0016603302408202403
subject5,bedtime_arousal,Q3,subject,0,0.0017155219328855997
subject5,bedtime_arousal,Q3,subject,1,0.001494167572462346
subject5,bedtime_arousal,Q3,subject,2,0.0010716295855924818
subject5,bedtime_arousal,Q3,dateblock,0,0.007947421039629421
subject5,bedtime_arousal,Q3,dateblock,1,0.015041167460965399
subject5,bedtime_arousal,Q3,dateblock,2,0.01801888349507097
subject5,bedtime_arousal,S1,row,0,0.0015562788515871562
subject5,bedtime_arousal,S1,row,1,0.003602738853928922
subject5,bedtime_arousal,S1,row,2,0.0016443680505244807
subject5,bedtime_arousal,S1,subject,0,0.002500236549058954
subject5,bedtime_arousal,S1,subject,1,-0.0021568226672095125
subject5,bedtime_arousal,S1,subject,2,0.0008863047849844152
subject5,bedtime_arousal,S1,dateblock,0,0.00733600890586783
subject5,bedtime_arousal,S1,dateblock,1,0.0028546878919039065
subject5,bedtime_arousal,S1,dateblock,2,-0.0019232114243862286
subject5,bedtime_arousal,S2,row,0,0.0012111509395887898
subject5,bedtime_arousal,S2,row,1,0.0027011041534965585
subject5,bedtime_arousal,S2,row,2,0.002266571429993869
subject5,bedtime_arousal,S2,subject,0,0.003922682745968076
subject5,bedtime_arousal,S2,subject,1,-0.0009304940682780538
subject5,bedtime_arousal,S2,subject,2,0.0014092544280476238
subject5,bedtime_arousal,S2,dateblock,0,0.006838420044449234
subject5,bedtime_arousal,S2,dateblock,1,0.008793980259624301
subject5,bedtime_arousal,S2,dateblock,2,0.009275493236060695
subject5,bedtime_arousal,S3,row,0,0.007497471768947661
subject5,bedtime_arousal,S3,row,1,-0.0007323212759354769
subject5,bedtime_arousal,S3,row,2,3.1443176988221744e-05
subject5,bedtime_arousal,S3,subject,0,0.0052286899222414585
subject5,bedtime_arousal,S3,subject,1,0.01172469365632467
subject5,bedtime_arousal,S3,subject,2,0.006643171218796651
subject5,bedtime_arousal,S3,dateblock,0,-0.0007879567853840141
subject5,bedtime_arousal,S3,dateblock,1,-0.007035222955569798
subject5,bedtime_arousal,S3,dateblock,2,-0.0032445075803576584
subject5,bedtime_arousal,S4,row,0,0.00043301282313523703
subject5,bedtime_arousal,S4,row,1,-0.00037386180120912993
subject5,bedtime_arousal,S4,row,2,0.0032676785728814606
subject5,bedtime_arousal,S4,subject,0,-0.0062072992331384524
subject5,bedtime_arousal,S4,subject,1,0.001152899656629014
subject5,bedtime_arousal,S4,subject,2,0.001072783829774604
subject5,bedtime_arousal,S4,dateblock,0,0.004681787150490835
subject5,bedtime_arousal,S4,dateblock,1,0.0056462249633406625
subject5,bedtime_arousal,S4,dateblock,2,0.006501720236061992
subject5,routine_fragmentation,Q1,row,0,-0.003709932209714939
subject5,routine_fragmentation,Q1,row,1,-0.0022104671630229777
subject5,routine_fragmentation,Q1,row,2,0.0016226686143385738
subject5,routine_fragmentation,Q1,subject,0,0.0038001637117595077
subject5,routine_fragmentation,Q1,subject,1,-0.002151730524519002
subject5,routine_fragmentation,Q1,subject,2,0.0012667093721193678
subject5,routine_fragmentation,Q1,dateblock,0,0.0014009278195524777
subject5,routine_fragmentation,Q1,dateblock,1,0.003147159038550451
subject5,routine_fragmentation,Q1,dateblock,2,0.006398970302645468
subject5,routine_fragmentation,Q2,row,0,0.004233822927176112
subject5,routine_fragmentation,Q2,row,1,0.0025459282733353295
subject5,routine_fragmentation,Q2,row,2,-0.007500836836194291
subject5,routine_fragmentation,Q2,subject,0,0.00047936715889040915
subject5,routine_fragmentation,Q2,subject,1,0.002760190940837459
subject5,routine_fragmentation,Q2,subject,2,0.002224731619681064
subject5,routine_fragmentation,Q2,dateblock,0,-0.004663021419492375
subject5,routine_fragmentation,Q2,dateblock,1,-0.009226855486362262
subject5,routine_fragmentation,Q2,dateblock,2,0.008821487722465937
subject5,routine_fragmentation,Q3,row,0,-0.0008325171335620274
subject5,routine_fragmentation,Q3,row,1,-0.001752648984958305
subject5,routine_fragmentation,Q3,row,2,0.0003966431987739716
subject5,routine_fragmentation,Q3,subject,0,0.0016016733099643021
subject5,routine_fragmentation,Q3,subject,1,-0.0005021840354482165
subject5,routine_fragmentation,Q3,subject,2,-0.0006152845752557257
subject5,routine_fragmentation,Q3,dateblock,0,0.017561899763230526
subject5,routine_fragmentation,Q3,dateblock,1,0.0023174008622954823
subject5,routine_fragmentation,Q3,dateblock,2,0.003209336611880609
subject5,routine_fragmentation,S1,row,0,0.0026885866191360686
subject5,routine_fragmentation,S1,row,1,0.007332017059684892
subject5,routine_fragmentation,S1,row,2,0.00042090811313177934
subject5,routine_fragmentation,S1,subject,0,0.0025504399770452935
subject5,routine_fragmentation,S1,subject,1,0.0009711420448592634
subject5,routine_fragmentation,S1,subject,2,0.0012275686927829543
subject5,routine_fragmentation,S1,dateblock,0,0.0010936750379600957
subject5,routine_fragmentation,S1,dateblock,1,0.0012027089384460954
subject5,routine_fragmentation,S1,dateblock,2,-7.454975354903581e-05
subject5,routine_fragmentation,S2,row,0,-0.000312376599872044
subject5,routine_fragmentation,S2,row,1,0.000579130235479508
subject5,routine_fragmentation,S2,row,2,-0.000591561178246991
subject5,routine_fragmentation,S2,subject,0,0.004192913170985468
subject5,routine_fragmentation,S2,subject,1,0.00038392987046542704
subject5,routine_fragmentation,S2,subject,2,0.006672762234671281
subject5,routine_fragmentation,S2,dateblock,0,0.006456546159395504
subject5,routine_fragmentation,S2,dateblock,1,0.009575893134157187
subject5,routine_fragmentation,S2,dateblock,2,0.004115122113215297
subject5,routine_fragmentation,S3,row,0,0.0036464084137504127
subject5,routine_fragmentation,S3,row,1,0.0023814700542111877
subject5,routine_fragmentation,S3,row,2,0.00261282785342698
subject5,routine_fragmentation,S3,subject,0,0.00296687957193853
subject5,routine_fragmentation,S3,subject,1,0.006881211720131231
subject5,routine_fragmentation,S3,subject,2,0.0007123095042730343
subject5,routine_fragmentation,S3,dateblock,0,0.0020932272172984323
subject5,routine_fragmentation,S3,dateblock,1,0.005681256165122495
subject5,routine_fragmentation,S3,dateblock,2,0.00529090319521619
subject5,routine_fragmentation,S4,row,0,0.001729614105892452
subject5,routine_fragmentation,S4,row,1,0.002651009168832319
subject5,routine_fragmentation,S4,row,2,0.004561888504188594
subject5,routine_fragmentation,S4,subject,0,0.009863911141031911
subject5,routine_fragmentation,S4,subject,1,0.005518409768242805
subject5,routine_fragmentation,S4,subject,2,7.909677018247407e-06
subject5,routine_fragmentation,S4,dateblock,0,-0.002161141379119158
subject5,routine_fragmentation,S4,dateblock,1,0.006283167768725617
subject5,routine_fragmentation,S4,dateblock,2,0.0036463793745968864
subject5,routine_anchor_recovery,Q1,row,0,-0.00030424328692557623
subject5,routine_anchor_recovery,Q1,row,1,-0.0012287846429671623
subject5,routine_anchor_recovery,Q1,row,2,0.002645733813708362
subject5,routine_anchor_recovery,Q1,subject,0,0.004178853744706723
subject5,routine_anchor_recovery,Q1,subject,1,0.0013456049638131962
subject5,routine_anchor_recovery,Q1,subject,2,0.0005965112778677506
subject5,routine_anchor_recovery,Q1,dateblock,0,0.009884177000135552
subject5,routine_anchor_recovery,Q1,dateblock,1,0.0010616080768930392
subject5,routine_anchor_recovery,Q1,dateblock,2,0.0003566937899942557
subject5,routine_anchor_recovery,Q2,row,0,-0.0002669488093040018
subject5,routine_anchor_recovery,Q2,row,1,-0.0007801075446909334
subject5,routine_anchor_recovery,Q2,row,2,0.0005114530769729786
subject5,routine_anchor_recovery,Q2,subject,0,0.004589956100203407
subject5,routine_anchor_recovery,Q2,subject,1,0.00303641360793816
subject5,routine_anchor_recovery,Q2,subject,2,-0.00028520466337955686
subject5,routine_anchor_recovery,Q2,dateblock,0,0.007736065095590439
subject5,routine_anchor_recovery,Q2,dateblock,1,-0.007874024124793322
subject5,routine_anchor_recovery,Q2,dateblock,2,0.00010789525615773066
subject5,routine_anchor_recovery,Q3,row,0,0.002791940412109173
subject5,routine_anchor_recovery,Q3,row,1,0.0005946349774760273
subject5,routine_anchor_recovery,Q3,row,2,0.004263588104165605
subject5,routine_anchor_recovery,Q3,subject,0,0.003666188911616519
subject5,routine_anchor_recovery,Q3,subject,1,-0.0002093043099199443
subject5,routine_anchor_recovery,Q3,subject,2,0.0023067381211009375
subject5,routine_anchor_recovery,Q3,dateblock,0,0.007570617098134447
subject5,routine_anchor_recovery,Q3,dateblock,1,0.003280310540822007
subject5,routine_anchor_recovery,Q3,dateblock,2,0.00808699010379399
subject5,routine_anchor_recovery,S1,row,0,0.005911585775789319
subject5,routine_anchor_recovery,S1,row,1,0.0013159953726863405
subject5,routine_anchor_recovery,S1,row,2,-0.00023109124047082652
subject5,routine_anchor_recovery,S1,subject,0,0.00026974559217762817
subject5,routine_anchor_recovery,S1,subject,1,-0.011040038688840403
subject5,routine_anchor_recovery,S1,subject,2,0.003642428284063026
subject5,routine_anchor_recovery,S1,dateblock,0,0.004470363171630742
subject5,routine_anchor_recovery,S1,dateblock,1,0.0008050177620189114
subject5,routine_anchor_recovery,S1,dateblock,2,0.004691099805961274
subject5,routine_anchor_recovery,S2,row,0,-0.004213634334069183
subject5,routine_anchor_recovery,S2,row,1,0.006830004028867687
subject5,routine_anchor_recovery,S2,row,2,0.0025754876922858827
subject5,routine_anchor_recovery,S2,subject,0,0.0043344316261938465
subject5,routine_anchor_recovery,S2,subject,1,-0.0010613407859588753
subject5,routine_anchor_recovery,S2,subject,2,0.005876040341783684
subject5,routine_anchor_recovery,S2,dateblock,0,0.0048854813611070025
subject5,routine_anchor_recovery,S2,dateblock,1,0.0058590328513410395
subject5,routine_anchor_recovery,S2,dateblock,2,0.008105235662500654
subject5,routine_anchor_recovery,S3,row,0,-0.001360344743155828
subject5,routine_anchor_recovery,S3,row,1,-8.624647151600495e-05
subject5,routine_anchor_recovery,S3,row,2,0.0020850908638918586
subject5,routine_anchor_recovery,S3,subject,0,0.002005031798342549
subject5,routine_anchor_recovery,S3,subject,1,-9.720086957243357e-05
subject5,routine_anchor_recovery,S3,subject,2,0.006633919475723338
subject5,routine_anchor_recovery,S3,dateblock,0,0.003325317798436922
subject5,routine_anchor_recovery,S3,dateblock,1,0.0011184693414418856
subject5,routine_anchor_recovery,S3,dateblock,2,-0.00034645575685654517
subject5,routine_anchor_recovery,S4,row,0,0.0002622539877843444
subject5,routine_anchor_recovery,S4,row,1,0.0025124703809304982
subject5,routine_anchor_recovery,S4,row,2,-0.006019541486646407
subject5,routine_anchor_recovery,S4,subject,0,0.0020028040263257996
subject5,routine_anchor_recovery,S4,subject,1,-0.0020031972777986295
subject5,routine_anchor_recovery,S4,subject,2,-0.0008951334286853019
subject5,routine_anchor_recovery,S4,dateblock,0,0.0031815509341959203
subject5,routine_anchor_recovery,S4,dateblock,1,0.005779578176801414
subject5,routine_anchor_recovery,S4,dateblock,2,0.0005567740284714295
subject5,cashflow_stress,Q1,row,0,0.0015059550632510188
subject5,cashflow_stress,Q1,row,1,0.0006540486562971459
subject5,cashflow_stress,Q1,row,2,0.0010868183067613835
subject5,cashflow_stress,Q1,subject,0,-3.0688099607711905e-05
subject5,cashflow_stress,Q1,subject,1,0.0021285863410085426
subject5,cashflow_stress,Q1,subject,2,0.000919025052313005
subject5,cashflow_stress,Q1,dateblock,0,0.0029661954521595923
subject5,cashflow_stress,Q1,dateblock,1,0.006034929981159731
subject5,cashflow_stress,Q1,dateblock,2,0.0030471344001559153
subject5,cashflow_stress,Q2,row,0,0.001372578680948977
subject5,cashflow_stress,Q2,row,1,3.295518812240772e-05
subject5,cashflow_stress,Q2,row,2,-0.0007547832868204374
subject5,cashflow_stress,Q2,subject,0,0.0023506826134207515
subject5,cashflow_stress,Q2,subject,1,0.004086402800118183
subject5,cashflow_stress,Q2,subject,2,0.004512924077307412
subject5,cashflow_stress,Q2,dateblock,0,0.00462807169652657
subject5,cashflow_stress,Q2,dateblock,1,0.0013732348190668153
subject5,cashflow_stress,Q2,dateblock,2,0.0012694300552431592
subject5,cashflow_stress,Q3,row,0,0.0015625026392686037
subject5,cashflow_stress,Q3,row,1,0.001468172092445097
subject5,cashflow_stress,Q3,row,2,0.0006438093681255808
subject5,cashflow_stress,Q3,subject,0,0.0022082235797069583
subject5,cashflow_stress,Q3,subject,1,0.004751843509812281
subject5,cashflow_stress,Q3,subject,2,-0.003235523019441744
subject5,cashflow_stress,Q3,dateblock,0,0.013230391498379901
subject5,cashflow_stress,Q3,dateblock,1,0.007552326138920429
subject5,cashflow_stress,Q3,dateblock,2,0.00020418886709649975
subject5,cashflow_stress,S1,row,0,-0.0005868428211689425
subject5,cashflow_stress,S1,row,1,0.0029020350569675113
subject5,cashflow_stress,S1,row,2,0.0013259701414860547
subject5,cashflow_stress,S1,subject,0,0.007523027064919141
subject5,cashflow_stress,S1,subject,1,0.004712375756443343
subject5,cashflow_stress,S1,subject,2,0.012936159875607478
subject5,cashflow_stress,S1,dateblock,0,0.010504539186088846
subject5,cashflow_stress,S1,dateblock,1,0.013494893004481034
subject5,cashflow_stress,S1,dateblock,2,0.008799458981277652
subject5,cashflow_stress,S2,row,0,-0.004649841109720776
subject5,cashflow_stress,S2,row,1,0.0003812909546215826
subject5,cashflow_stress,S2,row,2,0.001929611443991952
subject5,cashflow_stress,S2,subject,0,0.00042723172915715146
subject5,cashflow_stress,S2,subject,1,0.0019557813247669253
subject5,cashflow_stress,S2,subject,2,0.001804176040679506
subject5,cashflow_stress,S2,dateblock,0,0.0014199675601708206
subject5,cashflow_stress,S2,dateblock,1,0.0066011144873487915
subject5,cashflow_stress,S2,dateblock,2,0.003549423241328342
subject5,cashflow_stress,S3,row,0,-0.0014322064593550454
subject5,cashflow_stress,S3,row,1,0.008430985932145085
subject5,cashflow_stress,S3,row,2,0.0014235280679182338
subject5,cashflow_stress,S3,subject,0,-0.0016897350472304673
subject5,cashflow_stress,S3,subject,1,-0.0017851516497101594
subject5,cashflow_stress,S3,subject,2,0.0003299297070300522
subject5,cashflow_stress,S3,dateblock,0,-0.00628296769597414
subject5,cashflow_stress,S3,dateblock,1,-0.004911575064224016
subject5,cashflow_stress,S3,dateblock,2,-0.004186036813230709
subject5,cashflow_stress,S4,row,0,-6.911775426310385e-05
subject5,cashflow_stress,S4,row,1,0.0021808563031036066
subject5,cashflow_stress,S4,row,2,0.0015236403120206798
subject5,cashflow_stress,S4,subject,0,-0.0005174736872548547
subject5,cashflow_stress,S4,subject,1,0.0006120411202616971
subject5,cashflow_stress,S4,subject,2,8.679752929063866e-05
subject5,cashflow_stress,S4,dateblock,0,-0.0010464108191945432
subject5,cashflow_stress,S4,dateblock,1,-0.00026539902959255013
subject5,cashflow_stress,S4,dateblock,2,0.001308805277029812
subject5,cashflow_relief_spend,Q1,row,0,0.0008920113172511401
subject5,cashflow_relief_spend,Q1,row,1,0.0005402611495712861
subject5,cashflow_relief_spend,Q1,row,2,0.0006407638473511224
subject5,cashflow_relief_spend,Q1,subject,0,0.0008877141041923053
subject5,cashflow_relief_spend,Q1,subject,1,-0.0069558133839586755
subject5,cashflow_relief_spend,Q1,subject,2,-0.005575807596833515
subject5,cashflow_relief_spend,Q1,dateblock,0,0.0024247352733978156
subject5,cashflow_relief_spend,Q1,dateblock,1,9.30934204799172e-05
subject5,cashflow_relief_spend,Q1,dateblock,2,0.0017489073919105813
subject5,cashflow_relief_spend,Q2,row,0,0.001964765665499635
subject5,cashflow_relief_spend,Q2,row,1,-0.0010930202616205031
subject5,cashflow_relief_spend,Q2,row,2,0.001266135453144579
subject5,cashflow_relief_spend,Q2,subject,0,-0.001166150831529933
subject5,cashflow_relief_spend,Q2,subject,1,0.001720391159919954
subject5,cashflow_relief_spend,Q2,subject,2,-0.0023645072217713947
subject5,cashflow_relief_spend,Q2,dateblock,0,-0.00280749413354231
subject5,cashflow_relief_spend,Q2,dateblock,1,-0.001768541888386932
subject5,cashflow_relief_spend,Q2,dateblock,2,0.003210887099949322
subject5,cashflow_relief_spend,Q3,row,0,0.0019896190203437802
subject5,cashflow_relief_spend,Q3,row,1,-0.00028499077354227076
subject5,cashflow_relief_spend,Q3,row,2,-0.00025784460312883173
subject5,cashflow_relief_spend,Q3,subject,0,-0.010222961358423599
subject5,cashflow_relief_spend,Q3,subject,1,0.0005560342404482554
subject5,cashflow_relief_spend,Q3,subject,2,-0.0004993315814574295
subject5,cashflow_relief_spend,Q3,dateblock,0,0.00042972745145331004
subject5,cashflow_relief_spend,Q3,dateblock,1,-0.003181133137912462
subject5,cashflow_relief_spend,Q3,dateblock,2,0.003926592121028083
subject5,cashflow_relief_spend,S1,row,0,-0.0019773990448488377
subject5,cashflow_relief_spend,S1,row,1,-0.002642674191369876
subject5,cashflow_relief_spend,S1,row,2,0.005537331699802417
subject5,cashflow_relief_spend,S1,subject,0,0.0017937836361622272
subject5,cashflow_relief_spend,S1,subject,1,0.005017027894542725
subject5,cashflow_relief_spend,S1,subject,2,-0.00040241904240856385
subject5,cashflow_relief_spend,S1,dateblock,0,0.0003112554653235122
subject5,cashflow_relief_spend,S1,dateblock,1,0.00471560168125551
subject5,cashflow_relief_spend,S1,dateblock,2,0.0055029389478999935
subject5,cashflow_relief_spend,S2,row,0,0.0026375474348060424
subject5,cashflow_relief_spend,S2,row,1,0.003222524642795044
subject5,cashflow_relief_spend,S2,row,2,0.0011315622337526587
subject5,cashflow_relief_spend,S2,subject,0,0.004907654112820348
subject5,cashflow_relief_spend,S2,subject,1,0.000741635491773529
subject5,cashflow_relief_spend,S2,subject,2,-8.515577965073629e-05
subject5,cashflow_relief_spend,S2,dateblock,0,-5.643824201007064e-05
subject5,cashflow_relief_spend,S2,dateblock,1,0.007605878232874508
subject5,cashflow_relief_spend,S2,dateblock,2,0.0018209846225136772
subject5,cashflow_relief_spend,S3,row,0,0.0075770431256476645
subject5,cashflow_relief_spend,S3,row,1,-5.784442726919359e-05
subject5,cashflow_relief_spend,S3,row,2,0.0014707048942659284
subject5,cashflow_relief_spend,S3,subject,0,0.0054906607865183865
subject5,cashflow_relief_spend,S3,subject,1,0.0022925852740659503
subject5,cashflow_relief_spend,S3,subject,2,0.002016849962645728
subject5,cashflow_relief_spend,S3,dateblock,0,0.006602720123353389
subject5,cashflow_relief_spend,S3,dateblock,1,0.002718738171322954
subject5,cashflow_relief_spend,S3,dateblock,2,0.005709825192324214
subject5,cashflow_relief_spend,S4,row,0,0.0010812479010368081
subject5,cashflow_relief_spend,S4,row,1,0.0014672814975473791
subject5,cashflow_relief_spend,S4,row,2,0.0006990756208464788
subject5,cashflow_relief_spend,S4,subject,0,-0.0006580075505492333
subject5,cashflow_relief_spend,S4,subject,1,0.0056613645020537895
subject5,cashflow_relief_spend,S4,subject,2,0.002428776429338253
subject5,cashflow_relief_spend,S4,dateblock,0,0.0018595919650389314
subject5,cashflow_relief_spend,S4,dateblock,1,8.382143734542158e-05
subject5,cashflow_relief_spend,S4,dateblock,2,-0.00032181422683641436
subject5,physiology_strain,Q1,row,0,0.00040994337652244806
subject5,physiology_strain,Q1,row,1,0.005090003848747804
subject5,physiology_strain,Q1,row,2,0.0012073821244797944
subject5,physiology_strain,Q1,subject,0,-0.0006221708248105307
subject5,physiology_strain,Q1,subject,1,0.00016801682237244098
subject5,physiology_strain,Q1,subject,2,0.0019198880267710106
subject5,physiology_strain,Q1,dateblock,0,0.010166929479222597
subject5,physiology_strain,Q1,dateblock,1,-0.015928348639198453
subject5,physiology_strain,Q1,dateblock,2,0.014944573998802557
subject5,physiology_strain,Q2,row,0,0.0008570238692480192
subject5,physiology_strain,Q2,row,1,0.0024387780702070927
subject5,physiology_strain,Q2,row,2,0.002000904354430011
subject5,physiology_strain,Q2,subject,0,0.007555059127920871
subject5,physiology_strain,Q2,subject,1,0.0032579093275745263
subject5,physiology_strain,Q2,subject,2,0.0009117002366032523
subject5,physiology_strain,Q2,dateblock,0,-0.007847479435334037
subject5,physiology_strain,Q2,dateblock,1,-0.0036202755460350566
subject5,physiology_strain,Q2,dateblock,2,-0.01334004775120523
subject5,physiology_strain,Q3,row,0,-8.713419961470237e-05
subject5,physiology_strain,Q3,row,1,0.002524476161744227
subject5,physiology_strain,Q3,row,2,0.002213839566073017
subject5,physiology_strain,Q3,subject,0,-0.0048641468180510294
subject5,physiology_strain,Q3,subject,1,0.00039837464301761827
subject5,physiology_strain,Q3,subject,2,0.003903456307980946
subject5,physiology_strain,Q3,dateblock,0,0.005828827686520155
subject5,physiology_strain,Q3,dateblock,1,0.0070089248929866566
subject5,physiology_strain,Q3,dateblock,2,0.00048602053542301515
subject5,physiology_strain,S1,row,0,0.0008080001023154093
subject5,physiology_strain,S1,row,1,-2.745055965058807e-05
subject5,physiology_strain,S1,row,2,0.0003839204010949171
subject5,physiology_strain,S1,subject,0,0.0010175628045202556
subject5,physiology_strain,S1,subject,1,0.003924325272220308
subject5,physiology_strain,S1,subject,2,-0.0046527596101356705
subject5,physiology_strain,S1,dateblock,0,0.0009414306016666263
subject5,physiology_strain,S1,dateblock,1,-0.0009194479980730863
subject5,physiology_strain,S1,dateblock,2,-0.0001521097950212269
subject5,physiology_strain,S2,row,0,6.203471503340996e-05
subject5,physiology_strain,S2,row,1,0.0032296599468265574
subject5,physiology_strain,S2,row,2,-0.0021603387300886956
subject5,physiology_strain,S2,subject,0,-0.003375280364447786
subject5,physiology_strain,S2,subject,1,0.0019115894344772233
subject5,physiology_strain,S2,subject,2,0.005238036337466778
subject5,physiology_strain,S2,dateblock,0,0.001777845580298476
subject5,physiology_strain,S2,dateblock,1,0.003306750733951258
subject5,physiology_strain,S2,dateblock,2,0.0010914568289565052
subject5,physiology_strain,S3,row,0,0.003797335241957134
subject5,physiology_strain,S3,row,1,-0.005298163590321092
subject5,physiology_strain,S3,row,2,4.78572817753653e-05
subject5,physiology_strain,S3,subject,0,0.004853552013475704
subject5,physiology_strain,S3,subject,1,0.0016146168591132382
subject5,physiology_strain,S3,subject,2,0.002915165406490172
subject5,physiology_strain,S3,dateblock,0,0.0018607848967749918
subject5,physiology_strain,S3,dateblock,1,0.0017732307831361815
subject5,physiology_strain,S3,dateblock,2,0.003990536185216942
subject5,physiology_strain,S4,row,0,0.0025390311098991702
subject5,physiology_strain,S4,row,1,0.0036423262412664803
subject5,physiology_strain,S4,row,2,0.0022189644075585324
subject5,physiology_strain,S4,subject,0,-0.007237377418719659
subject5,physiology_strain,S4,subject,1,-0.0012730864937947617
subject5,physiology_strain,S4,subject,2,0.005829554319193964
subject5,physiology_strain,S4,dateblock,0,0.008234733760985935
subject5,physiology_strain,S4,dateblock,1,0.0021131019659865746
subject5,physiology_strain,S4,dateblock,2,0.009372051673953385
subject5,home_recovery,Q1,row,0,0.004283442019492045
subject5,home_recovery,Q1,row,1,0.0027078015995576354
subject5,home_recovery,Q1,row,2,0.0024056019948233143
subject5,home_recovery,Q1,subject,0,0.0003737064386570843
subject5,home_recovery,Q1,subject,1,-0.0008024185355910429
subject5,home_recovery,Q1,subject,2,0.005693709867610863
subject5,home_recovery,Q1,dateblock,0,0.010661898430011085
subject5,home_recovery,Q1,dateblock,1,0.004507417272738512
subject5,home_recovery,Q1,dateblock,2,0.0009098513449862233
subject5,home_recovery,Q2,row,0,0.0004344448214433916
subject5,home_recovery,Q2,row,1,-0.0004413032937544692
subject5,home_recovery,Q2,row,2,-0.003171142121539905
subject5,home_recovery,Q2,subject,0,-0.0016677253063668296
subject5,home_recovery,Q2,subject,1,0.0013236492152729484
subject5,home_recovery,Q2,subject,2,0.0013636993714319923
subject5,home_recovery,Q2,dateblock,0,0.005616698566279443
subject5,home_recovery,Q2,dateblock,1,0.01062170912157201
subject5,home_recovery,Q2,dateblock,2,0.00264501981991927
subject5,home_recovery,Q3,row,0,0.00031198045875802105
subject5,home_recovery,Q3,row,1,0.0010665032758581106
subject5,home_recovery,Q3,row,2,0.0009520104790977646
subject5,home_recovery,Q3,subject,0,0.0002490635544737385
subject5,home_recovery,Q3,subject,1,0.007831827882551101
subject5,home_recovery,Q3,subject,2,0.003195081613438955
subject5,home_recovery,Q3,dateblock,0,0.002881864540904222
subject5,home_recovery,Q3,dateblock,1,0.003376032818011687
subject5,home_recovery,Q3,dateblock,2,0.006495313973473471
subject5,home_recovery,S1,row,0,0.0017048493652132013
subject5,home_recovery,S1,row,1,0.002275382791324332
subject5,home_recovery,S1,row,2,0.002591084088654605
subject5,home_recovery,S1,subject,0,0.003253734239539785
subject5,home_recovery,S1,subject,1,0.0024199402743942944
subject5,home_recovery,S1,subject,2,0.003926121753128786
subject5,home_recovery,S1,dateblock,0,0.0029054241645113388
subject5,home_recovery,S1,dateblock,1,0.0008940518185616142
subject5,home_recovery,S1,dateblock,2,0.0033636050269290063
subject5,home_recovery,S2,row,0,0.003051209436308322
subject5,home_recovery,S2,row,1,8.42551138970915e-05
subject5,home_recovery,S2,row,2,0.008499645722031879
subject5,home_recovery,S2,subject,0,2.1792963781464003e-05
subject5,home_recovery,S2,subject,1,0.0021398162398901244
subject5,home_recovery,S2,subject,2,0.006046002512717474
subject5,home_recovery,S2,dateblock,0,0.003863498542300503
subject5,home_recovery,S2,dateblock,1,0.003580237676071518
subject5,home_recovery,S2,dateblock,2,0.005805286016818512
subject5,home_recovery,S3,row,0,-0.0019896855515468825
subject5,home_recovery,S3,row,1,0.002878590304310258
subject5,home_recovery,S3,row,2,-0.001697998324577843
subject5,home_recovery,S3,subject,0,0.009680056409410498
subject5,home_recovery,S3,subject,1,0.0005565184334701545
subject5,home_recovery,S3,subject,2,-0.0016209183961122253
subject5,home_recovery,S3,dateblock,0,-0.004463352252066177
subject5,home_recovery,S3,dateblock,1,-0.006362687699962177
subject5,home_recovery,S3,dateblock,2,-0.0026233658419447803
subject5,home_recovery,S4,row,0,0.0002513788211551127
subject5,home_recovery,S4,row,1,0.0014213825667841462
subject5,home_recovery,S4,row,2,0.004428826948537523
subject5,home_recovery,S4,subject,0,-0.004449964005711182
subject5,home_recovery,S4,subject,1,0.002075953169438538
subject5,home_recovery,S4,subject,2,0.0008493322826909067
subject5,home_recovery,S4,dateblock,0,0.0020177145274046238
subject5,home_recovery,S4,dateblock,1,0.008513740744052312
subject5,home_recovery,S4,dateblock,2,0.005581887357186677
subject5,social_overload,Q1,row,0,0.0011209640806734145
subject5,social_overload,Q1,row,1,-0.003260427134856525
subject5,social_overload,Q1,row,2,0.003026662807998126
subject5,social_overload,Q1,subject,0,0.008613884286910012
subject5,social_overload,Q1,subject,1,0.003809450753494592
subject5,social_overload,Q1,subject,2,0.005060776989282867
subject5,social_overload,Q1,dateblock,0,0.005804275906421186
subject5,social_overload,Q1,dateblock,1,-0.003160643155638021
subject5,social_overload,Q1,dateblock,2,0.001803309387561236
subject5,social_overload,Q2,row,0,0.0077865970654174
subject5,social_overload,Q2,row,1,0.0034990844277508204
subject5,social_overload,Q2,row,2,0.00024852295174626615
subject5,social_overload,Q2,subject,0,0.004002710441093127
subject5,social_overload,Q2,subject,1,0.0013396863011462257
subject5,social_overload,Q2,subject,2,-0.00015550840725397919
subject5,social_overload,Q2,dateblock,0,0.00843458062261282
subject5,social_overload,Q2,dateblock,1,0.013930857965165244
subject5,social_overload,Q2,dateblock,2,0.017443111827578628
subject5,social_overload,Q3,row,0,0.0019575730791423496
subject5,social_overload,Q3,row,1,-0.0016906585026519316
subject5,social_overload,Q3,row,2,0.004236544838990164
subject5,social_overload,Q3,subject,0,0.000562379115347067
subject5,social_overload,Q3,subject,1,0.0034349573092201657
subject5,social_overload,Q3,subject,2,0.0020504420099172194
subject5,social_overload,Q3,dateblock,0,0.005777531723486495
subject5,social_overload,Q3,dateblock,1,-0.014970153667754005
subject5,social_overload,Q3,dateblock,2,0.014130267291447507
subject5,social_overload,S1,row,0,0.0026032938766639147
subject5,social_overload,S1,row,1,0.0018881982797723795
subject5,social_overload,S1,row,2,0.0013109743996689849
subject5,social_overload,S1,subject,0,0.005036158671045676
subject5,social_overload,S1,subject,1,-0.001228426883619016
subject5,social_overload,S1,subject,2,0.001535250122195131
subject5,social_overload,S1,dateblock,0,9.262336948190342e-05
subject5,social_overload,S1,dateblock,1,0.0007719749097264694
subject5,social_overload,S1,dateblock,2,-0.007727439264493707
subject5,social_overload,S2,row,0,0.00045192011219441497
subject5,social_overload,S2,row,1,0.001867540255219069
subject5,social_overload,S2,row,2,-7.81968188118265e-05
subject5,social_overload,S2,subject,0,0.002422985350939544
subject5,social_overload,S2,subject,1,0.007971056248425978
subject5,social_overload,S2,subject,2,0.004412431251755722
subject5,social_overload,S2,dateblock,0,-0.0012720621668922405
subject5,social_overload,S2,dateblock,1,0.009263330427574101
subject5,social_overload,S2,dateblock,2,0.0036962448075883447
subject5,social_overload,S3,row,0,0.0028054138215782842
subject5,social_overload,S3,row,1,0.0019570520412601766
subject5,social_overload,S3,row,2,0.003837726507950001
subject5,social_overload,S3,subject,0,-0.00021606221653391877
subject5,social_overload,S3,subject,1,0.0003803031792216638
subject5,social_overload,S3,subject,2,0.0026693902749012066
subject5,social_overload,S3,dateblock,0,-0.0058371399819902026
subject5,social_overload,S3,dateblock,1,-0.012238470963154446
subject5,social_overload,S3,dateblock,2,0.0006927258985894857
subject5,social_overload,S4,row,0,0.0004553538297548121
subject5,social_overload,S4,row,1,0.001939612428170423
subject5,social_overload,S4,row,2,0.003468195322557155
subject5,social_overload,S4,subject,0,0.0004414588875657488
subject5,social_overload,S4,subject,1,-0.004541640864690222
subject5,social_overload,S4,subject,2,-0.0032527081425530735
subject5,social_overload,S4,dateblock,0,0.005278205866354968
subject5,social_overload,S4,dateblock,1,0.006987037921700634
subject5,social_overload,S4,dateblock,2,-8.74774217626273e-05
subject5,measurement_wear_confidence,Q1,row,0,0.0009445123103367647
subject5,measurement_wear_confidence,Q1,row,1,0.0019502499756878233
subject5,measurement_wear_confidence,Q1,row,2,0.003689758824900413
subject5,measurement_wear_confidence,Q1,subject,0,0.012678989941430019
subject5,measurement_wear_confidence,Q1,subject,1,0.007449953852250224
subject5,measurement_wear_confidence,Q1,subject,2,-0.00032372711440198376
subject5,measurement_wear_confidence,Q1,dateblock,0,0.0017001626292032501
subject5,measurement_wear_confidence,Q1,dateblock,1,0.005892365884364703
subject5,measurement_wear_confidence,Q1,dateblock,2,-0.000858822686831906
subject5,measurement_wear_confidence,Q2,row,0,0.0009233522996617838
subject5,measurement_wear_confidence,Q2,row,1,0.0009024056604891584
subject5,measurement_wear_confidence,Q2,row,2,0.0027459176117877737
subject5,measurement_wear_confidence,Q2,subject,0,0.000269785087758323
subject5,measurement_wear_confidence,Q2,subject,1,-0.0016168988180890187
subject5,measurement_wear_confidence,Q2,subject,2,-0.002216894859631502
subject5,measurement_wear_confidence,Q2,dateblock,0,0.0037754426776391847
subject5,measurement_wear_confidence,Q2,dateblock,1,0.004247922750306943
subject5,measurement_wear_confidence,Q2,dateblock,2,0.0011937582762454602
subject5,measurement_wear_confidence,Q3,row,0,-0.0016251470569123017
subject5,measurement_wear_confidence,Q3,row,1,0.002190948777207491
subject5,measurement_wear_confidence,Q3,row,2,0.004305246395621021
subject5,measurement_wear_confidence,Q3,subject,0,0.006165561215886961
subject5,measurement_wear_confidence,Q3,subject,1,0.005557811006371316
subject5,measurement_wear_confidence,Q3,subject,2,0.0019846671431987817
subject5,measurement_wear_confidence,Q3,dateblock,0,0.0010646829467595431
subject5,measurement_wear_confidence,Q3,dateblock,1,-0.0002100317646764882
subject5,measurement_wear_confidence,Q3,dateblock,2,-0.0009103336059239631
subject5,measurement_wear_confidence,S1,row,0,-0.004878279754973902
subject5,measurement_wear_confidence,S1,row,1,-0.006002652188095925
subject5,measurement_wear_confidence,S1,row,2,-0.0002938962061913575
subject5,measurement_wear_confidence,S1,subject,0,0.0005529165964541782
subject5,measurement_wear_confidence,S1,subject,1,0.0027128585986613274
subject5,measurement_wear_confidence,S1,subject,2,0.0010419788434080646
subject5,measurement_wear_confidence,S1,dateblock,0,0.0024765312172398968
subject5,measurement_wear_confidence,S1,dateblock,1,6.237399039621394e-05
subject5,measurement_wear_confidence,S1,dateblock,2,0.0010968857409714428
subject5,measurement_wear_confidence,S2,row,0,0.0028201760993439295
subject5,measurement_wear_confidence,S2,row,1,0.0041480241027693765
subject5,measurement_wear_confidence,S2,row,2,0.000789695310077887
subject5,measurement_wear_confidence,S2,subject,0,0.0011517481738512192
subject5,measurement_wear_confidence,S2,subject,1,-0.0006318494104596839
subject5,measurement_wear_confidence,S2,subject,2,0.002487623631194591
subject5,measurement_wear_confidence,S2,dateblock,0,0.0020112606806336197
subject5,measurement_wear_confidence,S2,dateblock,1,0.0010073342325569445
subject5,measurement_wear_confidence,S2,dateblock,2,-0.0009749974246998638
subject5,measurement_wear_confidence,S3,row,0,0.0017997838233834162
subject5,measurement_wear_confidence,S3,row,1,0.002820444703819036
subject5,measurement_wear_confidence,S3,row,2,0.0032281879507752853
subject5,measurement_wear_confidence,S3,subject,0,-0.006458683735721671
subject5,measurement_wear_confidence,S3,subject,1,0.0038530077587108913
subject5,measurement_wear_confidence,S3,subject,2,0.0017403396316157949
subject5,measurement_wear_confidence,S3,dateblock,0,0.0051105803566898755
subject5,measurement_wear_confidence,S3,dateblock,1,0.004738645253533624
subject5,measurement_wear_confidence,S3,dateblock,2,-0.00016956624134167875
subject5,measurement_wear_confidence,S4,row,0,0.003532710178021259
subject5,measurement_wear_confidence,S4,row,1,0.0007724266790195555
subject5,measurement_wear_confidence,S4,row,2,0.00485483868850578
subject5,measurement_wear_confidence,S4,subject,0,0.000634043190765099
subject5,measurement_wear_confidence,S4,subject,1,0.005896245035137637
subject5,measurement_wear_confidence,S4,subject,2,-0.008921807774587398
subject5,measurement_wear_confidence,S4,dateblock,0,0.007753762036060707
subject5,measurement_wear_confidence,S4,dateblock,1,0.007039523339224751
subject5,measurement_wear_confidence,S4,dateblock,2,0.008863835767055406
subject5,badnight_aftereffect,Q1,row,0,-0.00020389489550454165
subject5,badnight_aftereffect,Q1,row,1,0.0035481274222417536
subject5,badnight_aftereffect,Q1,row,2,0.0013816891986213609
subject5,badnight_aftereffect,Q1,subject,0,0.0019972038319938656
subject5,badnight_aftereffect,Q1,subject,1,0.0031720015424911985
subject5,badnight_aftereffect,Q1,subject,2,-0.0003143100603107962
subject5,badnight_aftereffect,Q1,dateblock,0,0.010148715310120848
subject5,badnight_aftereffect,Q1,dateblock,1,0.007311841963865473
subject5,badnight_aftereffect,Q1,dateblock,2,0.005495542367180972
subject5,badnight_aftereffect,Q2,row,0,0.00030268437338365484
subject5,badnight_aftereffect,Q2,row,1,0.001901985381867477
subject5,badnight_aftereffect,Q2,row,2,-0.006491915631789413
subject5,badnight_aftereffect,Q2,subject,0,-0.005158307821661823
subject5,badnight_aftereffect,Q2,subject,1,-0.003434611900005713
subject5,badnight_aftereffect,Q2,subject,2,0.0022990811194275595
subject5,badnight_aftereffect,Q2,dateblock,0,0.012354599588259463
subject5,badnight_aftereffect,Q2,dateblock,1,-0.0061098622171544825
subject5,badnight_aftereffect,Q2,dateblock,2,-0.0006901443973595933
subject5,badnight_aftereffect,Q3,row,0,-0.002588019195529534
subject5,badnight_aftereffect,Q3,row,1,0.0005573017673763392
subject5,badnight_aftereffect,Q3,row,2,0.001782094351736374
subject5,badnight_aftereffect,Q3,subject,0,0.0021679593299919198
subject5,badnight_aftereffect,Q3,subject,1,0.0012964869836666892
subject5,badnight_aftereffect,Q3,subject,2,0.0007651793624235959
subject5,badnight_aftereffect,Q3,dateblock,0,-0.0002971383501111369
subject5,badnight_aftereffect,Q3,dateblock,1,0.004385421695862757
subject5,badnight_aftereffect,Q3,dateblock,2,-0.0019714408669582184
subject5,badnight_aftereffect,S1,row,0,-0.0007712606576348868
subject5,badnight_aftereffect,S1,row,1,0.00285015785007936
subject5,badnight_aftereffect,S1,row,2,0.004386871627336308
subject5,badnight_aftereffect,S1,subject,0,0.002046229184728965
subject5,badnight_aftereffect,S1,subject,1,0.00809037523767031
subject5,badnight_aftereffect,S1,subject,2,0.014130115385384112
subject5,badnight_aftereffect,S1,dateblock,0,0.0013849399779585214
subject5,badnight_aftereffect,S1,dateblock,1,0.003912314205642975
subject5,badnight_aftereffect,S1,dateblock,2,3.209401152792779e-05
subject5,badnight_aftereffect,S2,row,0,-0.00046927092082293953
subject5,badnight_aftereffect,S2,row,1,0.0007793674236394876
subject5,badnight_aftereffect,S2,row,2,0.0026047090617608015
subject5,badnight_aftereffect,S2,subject,0,-0.004126588700579581
subject5,badnight_aftereffect,S2,subject,1,0.0001553910328713215
subject5,badnight_aftereffect,S2,subject,2,-0.0008972300335746697
subject5,badnight_aftereffect,S2,dateblock,0,0.0031625467293965315
subject5,badnight_aftereffect,S2,dateblock,1,0.0007878724297141204
subject5,badnight_aftereffect,S2,dateblock,2,0.002495525843188573
subject5,badnight_aftereffect,S3,row,0,0.004974165091641836
subject5,badnight_aftereffect,S3,row,1,0.004809337220306076
subject5,badnight_aftereffect,S3,row,2,0.0027807025162264187
subject5,badnight_aftereffect,S3,subject,0,0.007233836116491421
subject5,badnight_aftereffect,S3,subject,1,0.006099451808946665
subject5,badnight_aftereffect,S3,subject,2,-0.0026264789014674994
subject5,badnight_aftereffect,S3,dateblock,0,0.003193946547398352
subject5,badnight_aftereffect,S3,dateblock,1,0.002984875263656983
subject5,badnight_aftereffect,S3,dateblock,2,0.006615396330820755
subject5,badnight_aftereffect,S4,row,0,0.0007897718496038264
subject5,badnight_aftereffect,S4,row,1,0.005708982638256699
subject5,badnight_aftereffect,S4,row,2,0.006748836324081298
subject5,badnight_aftereffect,S4,subject,0,-0.0025360421196730654
subject5,badnight_aftereffect,S4,subject,1,0.004689227943071694
subject5,badnight_aftereffect,S4,subject,2,4.8246668398088666e-05
subject5,badnight_aftereffect,S4,dateblock,0,0.005235949804921369
subject5,badnight_aftereffect,S4,dateblock,1,0.004604455687216791
subject5,badnight_aftereffect,S4,dateblock,2,0.00017055862791603982
dateblock5,commute_pressure,Q1,row,0,0.002585991284640654
dateblock5,commute_pressure,Q1,row,1,0.0015138438214344907
dateblock5,commute_pressure,Q1,row,2,0.005483141967837057
dateblock5,commute_pressure,Q1,subject,0,0.00015625590946188872
dateblock5,commute_pressure,Q1,subject,1,0.001529103837492607
dateblock5,commute_pressure,Q1,subject,2,-0.00010845312037954802
dateblock5,commute_pressure,Q1,dateblock,0,0.002699369851680289
dateblock5,commute_pressure,Q1,dateblock,1,0.0019200222184501126
dateblock5,commute_pressure,Q1,dateblock,2,0.0020514884745271855
dateblock5,commute_pressure,Q2,row,0,0.002216237605495719
dateblock5,commute_pressure,Q2,row,1,-0.0003698699305232367
dateblock5,commute_pressure,Q2,row,2,0.00026567168949476194
dateblock5,commute_pressure,Q2,subject,0,-0.0003081880167149498
dateblock5,commute_pressure,Q2,subject,1,0.001801151080769614
dateblock5,commute_pressure,Q2,subject,2,0.0005751372694514645
dateblock5,commute_pressure,Q2,dateblock,0,-0.00429695013136322
dateblock5,commute_pressure,Q2,dateblock,1,-0.004923529958317241
dateblock5,commute_pressure,Q2,dateblock,2,0.00015435994847712298
dateblock5,commute_pressure,Q3,row,0,0.0018092194127657946
dateblock5,commute_pressure,Q3,row,1,0.002290652877018351
dateblock5,commute_pressure,Q3,row,2,0.0028774972734660897
dateblock5,commute_pressure,Q3,subject,0,0.0028620486311526916
dateblock5,commute_pressure,Q3,subject,1,-0.0008168751525821083
dateblock5,commute_pressure,Q3,subject,2,0.0016550311809997442
dateblock5,commute_pressure,Q3,dateblock,0,-0.004202908826059337
dateblock5,commute_pressure,Q3,dateblock,1,-0.007198831638972947
dateblock5,commute_pressure,Q3,dateblock,2,-0.0025358567268284338
dateblock5,commute_pressure,S1,row,0,-0.0005535117553173707
dateblock5,commute_pressure,S1,row,1,0.005565673183388742
dateblock5,commute_pressure,S1,row,2,0.0015795571097899641
dateblock5,commute_pressure,S1,subject,0,0.006815201561022555
dateblock5,commute_pressure,S1,subject,1,0.0029749097379757616
dateblock5,commute_pressure,S1,subject,2,-0.0007560630903473697
dateblock5,commute_pressure,S1,dateblock,0,0.003511185902100089
dateblock5,commute_pressure,S1,dateblock,1,0.00027862707512538165
dateblock5,commute_pressure,S1,dateblock,2,0.0022639043653546187
dateblock5,commute_pressure,S2,row,0,0.0011234272028002312
dateblock5,commute_pressure,S2,row,1,0.0018607884374282069
dateblock5,commute_pressure,S2,row,2,0.001902399266503263
dateblock5,commute_pressure,S2,subject,0,0.006015068666864742
dateblock5,commute_pressure,S2,subject,1,0.007475296455911051
dateblock5,commute_pressure,S2,subject,2,0.0014788673642118777
dateblock5,commute_pressure,S2,dateblock,0,0.0015392016830892974
dateblock5,commute_pressure,S2,dateblock,1,0.0016231011486148583
dateblock5,commute_pressure,S2,dateblock,2,0.004519349274276885
dateblock5,commute_pressure,S3,row,0,0.0038625163689025577
dateblock5,commute_pressure,S3,row,1,0.003785616181228857
dateblock5,commute_pressure,S3,row,2,-0.00031313025883239476
dateblock5,commute_pressure,S3,subject,0,0.0009445747038900887
dateblock5,commute_pressure,S3,subject,1,0.001971464800318956
dateblock5,commute_pressure,S3,subject,2,0.0027430943271190555
dateblock5,commute_pressure,S3,dateblock,0,0.0033039739234318466
dateblock5,commute_pressure,S3,dateblock,1,0.004449151763571413
dateblock5,commute_pressure,S3,dateblock,2,0.0008757066676301495
dateblock5,commute_pressure,S4,row,0,0.0037312761067083144
dateblock5,commute_pressure,S4,row,1,-0.0060005630307229385
dateblock5,commute_pressure,S4,row,2,0.001536923765755982
dateblock5,commute_pressure,S4,subject,0,0.0006959952277937331
dateblock5,commute_pressure,S4,subject,1,0.005723115288874925
dateblock5,commute_pressure,S4,subject,2,-0.002077905451608797
dateblock5,commute_pressure,S4,dateblock,0,-0.0013740351051448885
dateblock5,commute_pressure,S4,dateblock,1,-0.0007086013914155975
dateblock5,commute_pressure,S4,dateblock,2,-0.0009146785036450167
dateblock5,bedtime_arousal,Q1,row,0,0.0005951070138100478
dateblock5,bedtime_arousal,Q1,row,1,0.003938016726653282
dateblock5,bedtime_arousal,Q1,row,2,0.0018978427027892542
dateblock5,bedtime_arousal,Q1,subject,0,-0.000695171402494088
dateblock5,bedtime_arousal,Q1,subject,1,0.0025353289241814014
dateblock5,bedtime_arousal,Q1,subject,2,0.0013059249643448956
dateblock5,bedtime_arousal,Q1,dateblock,0,0.00026902387640181935
dateblock5,bedtime_arousal,Q1,dateblock,1,0.0025139387449222284
dateblock5,bedtime_arousal,Q1,dateblock,2,-0.0008931873958321068
dateblock5,bedtime_arousal,Q2,row,0,0.0028883834620037074
dateblock5,bedtime_arousal,Q2,row,1,0.004095572227158728
dateblock5,bedtime_arousal,Q2,row,2,0.0021348106280920653
dateblock5,bedtime_arousal,Q2,subject,0,0.0027400691011764122
dateblock5,bedtime_arousal,Q2,subject,1,0.003762935591580474
dateblock5,bedtime_arousal,Q2,subject,2,0.004883683528815852
dateblock5,bedtime_arousal,Q2,dateblock,0,-0.0038698047205369956
dateblock5,bedtime_arousal,Q2,dateblock,1,0.002814675133043454
dateblock5,bedtime_arousal,Q2,dateblock,2,0.0013743666323448034
dateblock5,bedtime_arousal,Q3,row,0,-0.0006438790380897119
dateblock5,bedtime_arousal,Q3,row,1,0.00020441047091224185
dateblock5,bedtime_arousal,Q3,row,2,-0.0056082367503846875
dateblock5,bedtime_arousal,Q3,subject,0,0.002523724948786943
dateblock5,bedtime_arousal,Q3,subject,1,0.0027580617501404836
dateblock5,bedtime_arousal,Q3,subject,2,-0.0016931389051746404
dateblock5,bedtime_arousal,Q3,dateblock,0,0.005774999887740773
dateblock5,bedtime_arousal,Q3,dateblock,1,0.004241812871573325
dateblock5,bedtime_arousal,Q3,dateblock,2,0.006953477155593357
dateblock5,bedtime_arousal,S1,row,0,0.003848585945433025
dateblock5,bedtime_arousal,S1,row,1,0.0015713190404478272
dateblock5,bedtime_arousal,S1,row,2,0.00161636337951776
dateblock5,bedtime_arousal,S1,subject,0,-0.003413708443915753
dateblock5,bedtime_arousal,S1,subject,1,0.002499572913497894
dateblock5,bedtime_arousal,S1,subject,2,0.0017801087136715132
dateblock5,bedtime_arousal,S1,dateblock,0,0.001663114179221048
dateblock5,bedtime_arousal,S1,dateblock,1,0.0019407454063455898
dateblock5,bedtime_arousal,S1,dateblock,2,0.0024162225601981335
dateblock5,bedtime_arousal,S2,row,0,0.0026039239932685865
dateblock5,bedtime_arousal,S2,row,1,0.0006523619712194284
dateblock5,bedtime_arousal,S2,row,2,0.00017098569753504211
dateblock5,bedtime_arousal,S2,subject,0,0.002726556061340313
dateblock5,bedtime_arousal,S2,subject,1,0.004306191981763852
dateblock5,bedtime_arousal,S2,subject,2,0.0024389979192123157
dateblock5,bedtime_arousal,S2,dateblock,0,-0.0005629603240303593
dateblock5,bedtime_arousal,S2,dateblock,1,-0.0033650530460457295
dateblock5,bedtime_arousal,S2,dateblock,2,-0.0038666866037849745
dateblock5,bedtime_arousal,S3,row,0,0.002459947918758476
dateblock5,bedtime_arousal,S3,row,1,-8.07891891191348e-05
dateblock5,bedtime_arousal,S3,row,2,-0.0008780864501826136
dateblock5,bedtime_arousal,S3,subject,0,0.0011915374064287443
dateblock5,bedtime_arousal,S3,subject,1,0.0010663020154377811
dateblock5,bedtime_arousal,S3,subject,2,0.0004887691153644402
dateblock5,bedtime_arousal,S3,dateblock,0,0.001803954963973342
dateblock5,bedtime_arousal,S3,dateblock,1,-0.002397922342075365
dateblock5,bedtime_arousal,S3,dateblock,2,-0.0021578188692673583
dateblock5,bedtime_arousal,S4,row,0,0.002478327064357244
dateblock5,bedtime_arousal,S4,row,1,3.1498106304761464e-05
dateblock5,bedtime_arousal,S4,row,2,0.0033736556205030688
dateblock5,bedtime_arousal,S4,subject,0,0.0012528060375310845
dateblock5,bedtime_arousal,S4,subject,1,0.0003912993325935199
dateblock5,bedtime_arousal,S4,subject,2,0.004899849367313358
dateblock5,bedtime_arousal,S4,dateblock,0,7.116641436899496e-05
dateblock5,bedtime_arousal,S4,dateblock,1,0.0017453262416049498
dateblock5,bedtime_arousal,S4,dateblock,2,0.0004683058315335664
dateblock5,routine_fragmentation,Q1,row,0,0.002765511973781609
dateblock5,routine_fragmentation,Q1,row,1,0.0032386891154492226
dateblock5,routine_fragmentation,Q1,row,2,0.0003127120350294721
dateblock5,routine_fragmentation,Q1,subject,0,0.0005653574150468188
dateblock5,routine_fragmentation,Q1,subject,1,0.001839851019340366
dateblock5,routine_fragmentation,Q1,subject,2,0.0034721536988425727
dateblock5,routine_fragmentation,Q1,dateblock,0,0.00017704307959187648
dateblock5,routine_fragmentation,Q1,dateblock,1,0.0002769755019454978
dateblock5,routine_fragmentation,Q1,dateblock,2,0.0020679620614600935
dateblock5,routine_fragmentation,Q2,row,0,0.00022804724300784507
dateblock5,routine_fragmentation,Q2,row,1,0.0068944714012680874
dateblock5,routine_fragmentation,Q2,row,2,0.0010156260544917917
dateblock5,routine_fragmentation,Q2,subject,0,0.0011674595549131528
dateblock5,routine_fragmentation,Q2,subject,1,0.005089470502664395
dateblock5,routine_fragmentation,Q2,subject,2,-0.001052268586238858
dateblock5,routine_fragmentation,Q2,dateblock,0,-0.0014763052814107391
dateblock5,routine_fragmentation,Q2,dateblock,1,-0.002676410135086904
dateblock5,routine_fragmentation,Q2,dateblock,2,0.0012579017038122364
dateblock5,routine_fragmentation,Q3,row,0,-0.0030584411739680295
dateblock5,routine_fragmentation,Q3,row,1,-0.002399346560216231
dateblock5,routine_fragmentation,Q3,row,2,0.0013924271028424862
dateblock5,routine_fragmentation,Q3,subject,0,0.0017587382234539595
dateblock5,routine_fragmentation,Q3,subject,1,0.006960330912566759
dateblock5,routine_fragmentation,Q3,subject,2,0.0029052528537051314
dateblock5,routine_fragmentation,Q3,dateblock,0,0.008711012069200219
dateblock5,routine_fragmentation,Q3,dateblock,1,0.000677786805646674
dateblock5,routine_fragmentation,Q3,dateblock,2,0.009631810286061193
dateblock5,routine_fragmentation,S1,row,0,0.002766295658062856
dateblock5,routine_fragmentation,S1,row,1,-0.002461026592045723
dateblock5,routine_fragmentation,S1,row,2,0.0009846088236408201
dateblock5,routine_fragmentation,S1,subject,0,0.0005415492834097702
dateblock5,routine_fragmentation,S1,subject,1,0.003398833401433876
dateblock5,routine_fragmentation,S1,subject,2,0.004256430578109871
dateblock5,routine_fragmentation,S1,dateblock,0,-0.0014198345126466005
dateblock5,routine_fragmentation,S1,dateblock,1,0.001263360401245528
dateblock5,routine_fragmentation,S1,dateblock,2,0.00017718872320238166
dateblock5,routine_fragmentation,S2,row,0,0.006270157977687707
dateblock5,routine_fragmentation,S2,row,1,0.0023909342959648194
dateblock5,routine_fragmentation,S2,row,2,0.006406410003283236
dateblock5,routine_fragmentation,S2,subject,0,-0.00023851869426461114
dateblock5,routine_fragmentation,S2,subject,1,0.0009259252194067091
dateblock5,routine_fragmentation,S2,subject,2,0.0036819130140212097
dateblock5,routine_fragmentation,S2,dateblock,0,0.0020604936789431205
dateblock5,routine_fragmentation,S2,dateblock,1,-0.0026387230699017605
dateblock5,routine_fragmentation,S2,dateblock,2,0.004071523818603762
dateblock5,routine_fragmentation,S3,row,0,0.0017348560125709511
dateblock5,routine_fragmentation,S3,row,1,0.001243972017813899
dateblock5,routine_fragmentation,S3,row,2,-6.301624498206149e-05
dateblock5,routine_fragmentation,S3,subject,0,0.0005895447738120119
dateblock5,routine_fragmentation,S3,subject,1,0.0010651198328489597
dateblock5,routine_fragmentation,S3,subject,2,0.004929680101490641
dateblock5,routine_fragmentation,S3,dateblock,0,-0.0008246808650602677
dateblock5,routine_fragmentation,S3,dateblock,1,-0.000501965559176476
dateblock5,routine_fragmentation,S3,dateblock,2,0.0013815762808295773
dateblock5,routine_fragmentation,S4,row,0,0.0018009181594411672
dateblock5,routine_fragmentation,S4,row,1,0.0020566783238005204
dateblock5,routine_fragmentation,S4,row,2,0.0019473232728841605
dateblock5,routine_fragmentation,S4,subject,0,0.0005251877906018443
dateblock5,routine_fragmentation,S4,subject,1,0.0007433304149453424
dateblock5,routine_fragmentation,S4,subject,2,0.002945150895577564
dateblock5,routine_fragmentation,S4,dateblock,0,0.003955307486925852
dateblock5,routine_fragmentation,S4,dateblock,1,0.0035143868408747947
dateblock5,routine_fragmentation,S4,dateblock,2,0.0003766117021806181
dateblock5,routine_anchor_recovery,Q1,row,0,0.002335834420228222
dateblock5,routine_anchor_recovery,Q1,row,1,-0.00041343951211381125
dateblock5,routine_anchor_recovery,Q1,row,2,0.0013827238935392172
dateblock5,routine_anchor_recovery,Q1,subject,0,4.7602369617316675e-05
dateblock5,routine_anchor_recovery,Q1,subject,1,-0.0015683028953148437
dateblock5,routine_anchor_recovery,Q1,subject,2,0.0020518201949837334
dateblock5,routine_anchor_recovery,Q1,dateblock,0,0.00041082322843633
dateblock5,routine_anchor_recovery,Q1,dateblock,1,-0.002175762533468406
dateblock5,routine_anchor_recovery,Q1,dateblock,2,0.006496339141538021
dateblock5,routine_anchor_recovery,Q2,row,0,0.002951234407470249
dateblock5,routine_anchor_recovery,Q2,row,1,0.0012545593954885748
dateblock5,routine_anchor_recovery,Q2,row,2,0.0014545253919855394
dateblock5,routine_anchor_recovery,Q2,subject,0,-0.0008898563315785646
dateblock5,routine_anchor_recovery,Q2,subject,1,0.0039237425521765346
dateblock5,routine_anchor_recovery,Q2,subject,2,0.0034022588321017677
dateblock5,routine_anchor_recovery,Q2,dateblock,0,0.001197229295484048
dateblock5,routine_anchor_recovery,Q2,dateblock,1,-0.00142602904126099
dateblock5,routine_anchor_recovery,Q2,dateblock,2,-0.0014031775324815365
dateblock5,routine_anchor_recovery,Q3,row,0,0.0012911307686244156
dateblock5,routine_anchor_recovery,Q3,row,1,0.003268400625632606
dateblock5,routine_anchor_recovery,Q3,row,2,0.0032810806899614686
dateblock5,routine_anchor_recovery,Q3,subject,0,0.004988786357933428
dateblock5,routine_anchor_recovery,Q3,subject,1,0.00032555567209202607
dateblock5,routine_anchor_recovery,Q3,subject,2,0.0037706164570203704
dateblock5,routine_anchor_recovery,Q3,dateblock,0,0.003790450819986524
dateblock5,routine_anchor_recovery,Q3,dateblock,1,0.004126095850275346
dateblock5,routine_anchor_recovery,Q3,dateblock,2,0.013456200772617666
dateblock5,routine_anchor_recovery,S1,row,0,0.00010931716332962527
dateblock5,routine_anchor_recovery,S1,row,1,0.0010842389680707498
dateblock5,routine_anchor_recovery,S1,row,2,0.004467225860172563
dateblock5,routine_anchor_recovery,S1,subject,0,0.0023375173503480395
dateblock5,routine_anchor_recovery,S1,subject,1,9.029577614483308e-05
dateblock5,routine_anchor_recovery,S1,subject,2,0.0006275532578928766
dateblock5,routine_anchor_recovery,S1,dateblock,0,0.001962488873556767
dateblock5,routine_anchor_recovery,S1,dateblock,1,0.00037365653466248094
dateblock5,routine_anchor_recovery,S1,dateblock,2,0.0022372059661253108
dateblock5,routine_anchor_recovery,S2,row,0,0.00299286192101067
dateblock5,routine_anchor_recovery,S2,row,1,0.0030288492406290723
dateblock5,routine_anchor_recovery,S2,row,2,5.4541398147089915e-05
dateblock5,routine_anchor_recovery,S2,subject,0,0.004600556852124682
dateblock5,routine_anchor_recovery,S2,subject,1,0.001659815806062559
dateblock5,routine_anchor_recovery,S2,subject,2,0.005177592289683508
dateblock5,routine_anchor_recovery,S2,dateblock,0,0.008427200728961637
dateblock5,routine_anchor_recovery,S2,dateblock,1,-0.0036791216473887056
dateblock5,routine_anchor_recovery,S2,dateblock,2,-0.007900734318050717
dateblock5,routine_anchor_recovery,S3,row,0,0.001707748395791464
dateblock5,routine_anchor_recovery,S3,row,1,0.0028462720708934963
dateblock5,routine_anchor_recovery,S3,row,2,-0.003897717192562822
dateblock5,routine_anchor_recovery,S3,subject,0,0.004960908002289766
dateblock5,routine_anchor_recovery,S3,subject,1,0.0015000000527287671
dateblock5,routine_anchor_recovery,S3,subject,2,0.0037400680257146934
dateblock5,routine_anchor_recovery,S3,dateblock,0,0.0010868352154942418
dateblock5,routine_anchor_recovery,S3,dateblock,1,0.0014050639940142995
dateblock5,routine_anchor_recovery,S3,dateblock,2,0.0025530534173413555
dateblock5,routine_anchor_recovery,S4,row,0,0.0026824678090647813
dateblock5,routine_anchor_recovery,S4,row,1,0.0035506568446200815
dateblock5,routine_anchor_recovery,S4,row,2,-0.004336095482468494
dateblock5,routine_anchor_recovery,S4,subject,0,0.0016823327709831748
dateblock5,routine_anchor_recovery,S4,subject,1,-3.121678731898836e-05
dateblock5,routine_anchor_recovery,S4,subject,2,-0.0030099619961310164
dateblock5,routine_anchor_recovery,S4,dateblock,0,-0.000537265025002398
dateblock5,routine_anchor_recovery,S4,dateblock,1,0.0039388213869385735
dateblock5,routine_anchor_recovery,S4,dateblock,2,0.007164887800201969
dateblock5,cashflow_stress,Q1,row,0,0.003952871682803782
dateblock5,cashflow_stress,Q1,row,1,-0.0029687270075101635
dateblock5,cashflow_stress,Q1,row,2,0.0029882996055000666
dateblock5,cashflow_stress,Q1,subject,0,-0.0003342648796609282
dateblock5,cashflow_stress,Q1,subject,1,0.0026640816815177715
dateblock5,cashflow_stress,Q1,subject,2,0.001148336141435613
dateblock5,cashflow_stress,Q1,dateblock,0,0.0021677321832707097
dateblock5,cashflow_stress,Q1,dateblock,1,0.0032386047745822655
dateblock5,cashflow_stress,Q1,dateblock,2,-0.000255951157352885
dateblock5,cashflow_stress,Q2,row,0,0.00026027706457587563
dateblock5,cashflow_stress,Q2,row,1,-0.002265593334983107
dateblock5,cashflow_stress,Q2,row,2,0.0038531397845986692
dateblock5,cashflow_stress,Q2,subject,0,0.0025933769592153544
dateblock5,cashflow_stress,Q2,subject,1,0.0006072196469730784
dateblock5,cashflow_stress,Q2,subject,2,0.003997393316086617
dateblock5,cashflow_stress,Q2,dateblock,0,0.00450674878979751
dateblock5,cashflow_stress,Q2,dateblock,1,0.0010018232044677333
dateblock5,cashflow_stress,Q2,dateblock,2,0.001999994289703655
dateblock5,cashflow_stress,Q3,row,0,0.004431249072255783
dateblock5,cashflow_stress,Q3,row,1,-0.0057209254291393785
dateblock5,cashflow_stress,Q3,row,2,0.0033107672696547352
dateblock5,cashflow_stress,Q3,subject,0,0.0013740747724348967
dateblock5,cashflow_stress,Q3,subject,1,-0.0011481013355264524
dateblock5,cashflow_stress,Q3,subject,2,0.0012946990526768731
dateblock5,cashflow_stress,Q3,dateblock,0,0.000404266268846043
dateblock5,cashflow_stress,Q3,dateblock,1,-0.0036876460582940807
dateblock5,cashflow_stress,Q3,dateblock,2,0.0067969710549302675
dateblock5,cashflow_stress,S1,row,0,0.0018535884825064963
dateblock5,cashflow_stress,S1,row,1,0.0012471546661234623
dateblock5,cashflow_stress,S1,row,2,-0.0013309434509275464
dateblock5,cashflow_stress,S1,subject,0,0.003292547081991115
dateblock5,cashflow_stress,S1,subject,1,0.0004799202927363577
dateblock5,cashflow_stress,S1,subject,2,0.0017599737467739462
dateblock5,cashflow_stress,S1,dateblock,0,0.004523950586184267
dateblock5,cashflow_stress,S1,dateblock,1,-0.0030054996647171928
dateblock5,cashflow_stress,S1,dateblock,2,0.005886786992440052
dateblock5,cashflow_stress,S2,row,0,0.003593983493497599
dateblock5,cashflow_stress,S2,row,1,0.003234144962280583
dateblock5,cashflow_stress,S2,row,2,0.002162336978902113
dateblock5,cashflow_stress,S2,subject,0,-0.0003471069515391667
dateblock5,cashflow_stress,S2,subject,1,0.002290237267635331
dateblock5,cashflow_stress,S2,subject,2,-0.0006371337280508538
dateblock5,cashflow_stress,S2,dateblock,0,0.0006007065036862658
dateblock5,cashflow_stress,S2,dateblock,1,-0.00042017170860875197
dateblock5,cashflow_stress,S2,dateblock,2,-0.0030173751883627586
dateblock5,cashflow_stress,S3,row,0,-0.0012578787762026478
dateblock5,cashflow_stress,S3,row,1,0.002650590195804603
dateblock5,cashflow_stress,S3,row,2,0.0033184810662532094
dateblock5,cashflow_stress,S3,subject,0,0.0013947738099572282
dateblock5,cashflow_stress,S3,subject,1,-0.0020275081158621644
dateblock5,cashflow_stress,S3,subject,2,0.0006173008007910319
dateblock5,cashflow_stress,S3,dateblock,0,-0.003544628799490468
dateblock5,cashflow_stress,S3,dateblock,1,0.0006121617036005667
dateblock5,cashflow_stress,S3,dateblock,2,0.00043741439030497986
dateblock5,cashflow_stress,S4,row,0,0.004151736856274901
dateblock5,cashflow_stress,S4,row,1,0.00819845035228517
dateblock5,cashflow_stress,S4,row,2,0.0003689151994705764
dateblock5,cashflow_stress,S4,subject,0,0.00048231966887557487
dateblock5,cashflow_stress,S4,subject,1,0.003223861915384263
dateblock5,cashflow_stress,S4,subject,2,0.0015350441635797463
dateblock5,cashflow_stress,S4,dateblock,0,0.002363869819761555
dateblock5,cashflow_stress,S4,dateblock,1,0.005742095507317302
dateblock5,cashflow_stress,S4,dateblock,2,0.001799639820346477
dateblock5,cashflow_relief_spend,Q1,row,0,0.00474281634443563
dateblock5,cashflow_relief_spend,Q1,row,1,0.008557558086731976
dateblock5,cashflow_relief_spend,Q1,row,2,0.0006283431848862486
dateblock5,cashflow_relief_spend,Q1,subject,0,0.0007347036213548597
dateblock5,cashflow_relief_spend,Q1,subject,1,-0.0019259535182578613
dateblock5,cashflow_relief_spend,Q1,subject,2,0.0006145485645608906
dateblock5,cashflow_relief_spend,Q1,dateblock,0,0.0008869399395468047
dateblock5,cashflow_relief_spend,Q1,dateblock,1,0.0012034312211818277
dateblock5,cashflow_relief_spend,Q1,dateblock,2,0.004226560727188855
dateblock5,cashflow_relief_spend,Q2,row,0,0.0028689172014625397
dateblock5,cashflow_relief_spend,Q2,row,1,0.0030423772467597088
dateblock5,cashflow_relief_spend,Q2,row,2,-0.005532692049759369
dateblock5,cashflow_relief_spend,Q2,subject,0,0.0042998083255677555
dateblock5,cashflow_relief_spend,Q2,subject,1,-0.004256340457566288
dateblock5,cashflow_relief_spend,Q2,subject,2,0.002255590267410068
dateblock5,cashflow_relief_spend,Q2,dateblock,0,0.0032053186608290707
dateblock5,cashflow_relief_spend,Q2,dateblock,1,-0.00048479086137254157
dateblock5,cashflow_relief_spend,Q2,dateblock,2,0.0024159906110327034
dateblock5,cashflow_relief_spend,Q3,row,0,0.005762188139516566
dateblock5,cashflow_relief_spend,Q3,row,1,0.0047595013667474095
dateblock5,cashflow_relief_spend,Q3,row,2,-0.0005245207681843223
dateblock5,cashflow_relief_spend,Q3,subject,0,-0.001731268816391407
dateblock5,cashflow_relief_spend,Q3,subject,1,0.003873413967493078
dateblock5,cashflow_relief_spend,Q3,subject,2,-0.0004153111105074103
dateblock5,cashflow_relief_spend,Q3,dateblock,0,0.0014828925074875654
dateblock5,cashflow_relief_spend,Q3,dateblock,1,0.005097937002757069
dateblock5,cashflow_relief_spend,Q3,dateblock,2,0.006871879345827114
dateblock5,cashflow_relief_spend,S1,row,0,0.002443423548648127
dateblock5,cashflow_relief_spend,S1,row,1,0.00044024398823006017
dateblock5,cashflow_relief_spend,S1,row,2,-0.0017691685758542963
dateblock5,cashflow_relief_spend,S1,subject,0,0.0064258162068517866
dateblock5,cashflow_relief_spend,S1,subject,1,0.002154443594333033
dateblock5,cashflow_relief_spend,S1,subject,2,0.0027121491029268308
dateblock5,cashflow_relief_spend,S1,dateblock,0,0.0013726316980077202
dateblock5,cashflow_relief_spend,S1,dateblock,1,0.005961056156814859
dateblock5,cashflow_relief_spend,S1,dateblock,2,0.0005491519808781264
dateblock5,cashflow_relief_spend,S2,row,0,-0.00047875349400172684
dateblock5,cashflow_relief_spend,S2,row,1,-0.00037583929053175424
dateblock5,cashflow_relief_spend,S2,row,2,0.0004222383024128362
dateblock5,cashflow_relief_spend,S2,subject,0,0.0021591549855801695
dateblock5,cashflow_relief_spend,S2,subject,1,0.001029792306762145
dateblock5,cashflow_relief_spend,S2,subject,2,0.00034706182000876495
dateblock5,cashflow_relief_spend,S2,dateblock,0,0.0024152509669365108
dateblock5,cashflow_relief_spend,S2,dateblock,1,0.0037132054735079523
dateblock5,cashflow_relief_spend,S2,dateblock,2,0.004480227169707862
dateblock5,cashflow_relief_spend,S3,row,0,0.0010127232311900602
dateblock5,cashflow_relief_spend,S3,row,1,0.0002809103835875737
dateblock5,cashflow_relief_spend,S3,row,2,0.0032326128500517193
dateblock5,cashflow_relief_spend,S3,subject,0,0.003928554396901762
dateblock5,cashflow_relief_spend,S3,subject,1,0.0005175477670651407
dateblock5,cashflow_relief_spend,S3,subject,2,0.0019538519107048513
dateblock5,cashflow_relief_spend,S3,dateblock,0,0.0012504774150297049
dateblock5,cashflow_relief_spend,S3,dateblock,1,-0.0012389113804387453
dateblock5,cashflow_relief_spend,S3,dateblock,2,-0.0007104751020529099
dateblock5,cashflow_relief_spend,S4,row,0,0.00010422402922172225
dateblock5,cashflow_relief_spend,S4,row,1,-0.0003524875773890379
dateblock5,cashflow_relief_spend,S4,row,2,0.0023183046128568696
dateblock5,cashflow_relief_spend,S4,subject,0,-0.0003946011521671622
dateblock5,cashflow_relief_spend,S4,subject,1,0.00028619073849189824
dateblock5,cashflow_relief_spend,S4,subject,2,0.003606623009403065
dateblock5,cashflow_relief_spend,S4,dateblock,0,0.0002688710085395618
dateblock5,cashflow_relief_spend,S4,dateblock,1,0.0003735340014348054
dateblock5,cashflow_relief_spend,S4,dateblock,2,0.002383413595249184
dateblock5,physiology_strain,Q1,row,0,0.0022921223581667816
dateblock5,physiology_strain,Q1,row,1,-0.001055771481881962
dateblock5,physiology_strain,Q1,row,2,0.0007081729424194272
dateblock5,physiology_strain,Q1,subject,0,-0.00013711475806954532
dateblock5,physiology_strain,Q1,subject,1,0.0010955528716420915
dateblock5,physiology_strain,Q1,subject,2,0.0016688888513668454
dateblock5,physiology_strain,Q1,dateblock,0,0.0006228739432819763
dateblock5,physiology_strain,Q1,dateblock,1,0.0015509191744758066
dateblock5,physiology_strain,Q1,dateblock,2,0.002100323999764231
dateblock5,physiology_strain,Q2,row,0,0.0040033746179577445
dateblock5,physiology_strain,Q2,row,1,0.0008366798447069224
dateblock5,physiology_strain,Q2,row,2,0.001310639126582469
dateblock5,physiology_strain,Q2,subject,0,0.004238674352410432
dateblock5,physiology_strain,Q2,subject,1,0.0007803329629724187
dateblock5,physiology_strain,Q2,subject,2,2.4849756837030945e-05
dateblock5,physiology_strain,Q2,dateblock,0,0.005568484277239327
dateblock5,physiology_strain,Q2,dateblock,1,0.0026264820012730228
dateblock5,physiology_strain,Q2,dateblock,2,0.011306343987425915
dateblock5,physiology_strain,Q3,row,0,0.0014940515174114433
dateblock5,physiology_strain,Q3,row,1,0.000901897786688699
dateblock5,physiology_strain,Q3,row,2,0.003850777264291061
dateblock5,physiology_strain,Q3,subject,0,0.0012716452026524383
dateblock5,physiology_strain,Q3,subject,1,-0.00020203113857764077
dateblock5,physiology_strain,Q3,subject,2,0.0021482835551996926
dateblock5,physiology_strain,Q3,dateblock,0,0.0030341249387062508
dateblock5,physiology_strain,Q3,dateblock,1,0.004006813604586434
dateblock5,physiology_strain,Q3,dateblock,2,0.008586886638787483
dateblock5,physiology_strain,S1,row,0,0.008302926798720911
dateblock5,physiology_strain,S1,row,1,0.0003458310083370719
dateblock5,physiology_strain,S1,row,2,0.0011422127629824308
dateblock5,physiology_strain,S1,subject,0,7.951075664425211e-05
dateblock5,physiology_strain,S1,subject,1,0.002067064877565805
dateblock5,physiology_strain,S1,subject,2,0.007865170130812449
dateblock5,physiology_strain,S1,dateblock,0,0.0006799276788229669
dateblock5,physiology_strain,S1,dateblock,1,0.007043752083393695
dateblock5,physiology_strain,S1,dateblock,2,0.0017117716534642557
dateblock5,physiology_strain,S2,row,0,0.00449932413511922
dateblock5,physiology_strain,S2,row,1,0.0007591013323514639
dateblock5,physiology_strain,S2,row,2,0.0013557403067804286
dateblock5,physiology_strain,S2,subject,0,0.0028154787919864033
dateblock5,physiology_strain,S2,subject,1,0.0001727101976644052
dateblock5,physiology_strain,S2,subject,2,0.002916494023550875
dateblock5,physiology_strain,S2,dateblock,0,-0.0012357034201649908
dateblock5,physiology_strain,S2,dateblock,1,0.001411632139979302
dateblock5,physiology_strain,S2,dateblock,2,0.002687673979137828
dateblock5,physiology_strain,S3,row,0,-0.00018711662269510487
dateblock5,physiology_strain,S3,row,1,0.0026081404382288786
dateblock5,physiology_strain,S3,row,2,0.0030222652324507493
dateblock5,physiology_strain,S3,subject,0,0.0001414828495146514
dateblock5,physiology_strain,S3,subject,1,0.000446305404304459
dateblock5,physiology_strain,S3,subject,2,0.0067653288745105344
dateblock5,physiology_strain,S3,dateblock,0,0.0032599517391885824
dateblock5,physiology_strain,S3,dateblock,1,0.0004997841578296969
dateblock5,physiology_strain,S3,dateblock,2,0.0005819160639102261
dateblock5,physiology_strain,S4,row,0,0.0015691941537148146
dateblock5,physiology_strain,S4,row,1,0.002717365683863604
dateblock5,physiology_strain,S4,row,2,-0.000847586931791322
dateblock5,physiology_strain,S4,subject,0,0.0013184582496953423
dateblock5,physiology_strain,S4,subject,1,-0.0036608850331646403
dateblock5,physiology_strain,S4,subject,2,-0.0059082842660735935
dateblock5,physiology_strain,S4,dateblock,0,0.00602064646297551
dateblock5,physiology_strain,S4,dateblock,1,-0.002948009102318183
dateblock5,physiology_strain,S4,dateblock,2,0.002163524537246664
dateblock5,home_recovery,Q1,row,0,0.0019546671943402316
dateblock5,home_recovery,Q1,row,1,-0.0003021272036994871
dateblock5,home_recovery,Q1,row,2,0.000673352199079269
dateblock5,home_recovery,Q1,subject,0,0.0008338361849621334
dateblock5,home_recovery,Q1,subject,1,0.0041993213559655684
dateblock5,home_recovery,Q1,subject,2,0.0016822314585664966
dateblock5,home_recovery,Q1,dateblock,0,-0.0001738416902729023
dateblock5,home_recovery,Q1,dateblock,1,0.005134949855548632
dateblock5,home_recovery,Q1,dateblock,2,-0.0016201258907745375
dateblock5,home_recovery,Q2,row,0,0.0038066300087191696
dateblock5,home_recovery,Q2,row,1,0.0024141450169061773
dateblock5,home_recovery,Q2,row,2,0.00013323456718938864
dateblock5,home_recovery,Q2,subject,0,-0.0017221535470517413
dateblock5,home_recovery,Q2,subject,1,0.00012156113770800392
dateblock5,home_recovery,Q2,subject,2,0.003950286221670929
dateblock5,home_recovery,Q2,dateblock,0,0.0004475645514969706
dateblock5,home_recovery,Q2,dateblock,1,0.0011789572668395865
dateblock5,home_recovery,Q2,dateblock,2,-0.006206841170216748
dateblock5,home_recovery,Q3,row,0,0.0019269330330494716
dateblock5,home_recovery,Q3,row,1,-0.0009388685541353858
dateblock5,home_recovery,Q3,row,2,-0.0004418086275458366
dateblock5,home_recovery,Q3,subject,0,0.0007468304062608899
dateblock5,home_recovery,Q3,subject,1,0.0018278105310187698
dateblock5,home_recovery,Q3,subject,2,0.004537533160251517
dateblock5,home_recovery,Q3,dateblock,0,0.0024325880808485634
dateblock5,home_recovery,Q3,dateblock,1,0.005114203465682143
dateblock5,home_recovery,Q3,dateblock,2,0.00597809017786044
dateblock5,home_recovery,S1,row,0,0.00034167166111020997
dateblock5,home_recovery,S1,row,1,0.0025429649544549404
dateblock5,home_recovery,S1,row,2,0.004155890144088015
dateblock5,home_recovery,S1,subject,0,0.0006917033932342109
dateblock5,home_recovery,S1,subject,1,0.005483277761817007
dateblock5,home_recovery,S1,subject,2,0.0034599206534893234
dateblock5,home_recovery,S1,dateblock,0,0.0003449480707288233
dateblock5,home_recovery,S1,dateblock,1,0.004314123753398236
dateblock5,home_recovery,S1,dateblock,2,0.0007496178963036781
dateblock5,home_recovery,S2,row,0,0.001269732390419831
dateblock5,home_recovery,S2,row,1,0.0016715226015825424
dateblock5,home_recovery,S2,row,2,0.0009246316102854424
dateblock5,home_recovery,S2,subject,0,0.0017935310276131489
dateblock5,home_recovery,S2,subject,1,0.013797446682654702
dateblock5,home_recovery,S2,subject,2,0.0019530895533655945
dateblock5,home_recovery,S2,dateblock,0,0.0009070624585053588
dateblock5,home_recovery,S2,dateblock,1,0.004514187459330299
dateblock5,home_recovery,S2,dateblock,2,0.004965189004196402
dateblock5,home_recovery,S3,row,0,0.0004773407967335608
dateblock5,home_recovery,S3,row,1,0.0011299224396211782
dateblock5,home_recovery,S3,row,2,0.0003196531134607161
dateblock5,home_recovery,S3,subject,0,-0.007966811882891722
dateblock5,home_recovery,S3,subject,1,0.00116693049047778
dateblock5,home_recovery,S3,subject,2,0.0008370229380638694
dateblock5,home_recovery,S3,dateblock,0,0.002880513054563716
dateblock5,home_recovery,S3,dateblock,1,0.0005425971845154365
dateblock5,home_recovery,S3,dateblock,2,0.006111581885244632
dateblock5,home_recovery,S4,row,0,0.0033929336000008137
dateblock5,home_recovery,S4,row,1,0.002495123372451391
dateblock5,home_recovery,S4,row,2,-0.00013820344606196855
dateblock5,home_recovery,S4,subject,0,0.005152994702413594
dateblock5,home_recovery,S4,subject,1,0.0010748272189804453
dateblock5,home_recovery,S4,subject,2,0.002527070948217469
dateblock5,home_recovery,S4,dateblock,0,0.008371949573728887
dateblock5,home_recovery,S4,dateblock,1,0.005596672404103886
dateblock5,home_recovery,S4,dateblock,2,0.01000492385343299
dateblock5,social_overload,Q1,row,0,0.0026676676345537276
dateblock5,social_overload,Q1,row,1,0.0015979397195553524
dateblock5,social_overload,Q1,row,2,0.00019171623264124804
dateblock5,social_overload,Q1,subject,0,-0.000775917555260186
dateblock5,social_overload,Q1,subject,1,-0.00018986760783623602
dateblock5,social_overload,Q1,subject,2,0.0033350266276984675
dateblock5,social_overload,Q1,dateblock,0,0.002651551665867613
dateblock5,social_overload,Q1,dateblock,1,-0.0008968836123769419
dateblock5,social_overload,Q1,dateblock,2,0.0022822860113511645
dateblock5,social_overload,Q2,row,0,-0.0023123993420103295
dateblock5,social_overload,Q2,row,1,0.0028874156730505085
dateblock5,social_overload,Q2,row,2,0.004689297790280933
dateblock5,social_overload,Q2,subject,0,-0.0009605622854250706
dateblock5,social_overload,Q2,subject,1,0.0037602687507859445
dateblock5,social_overload,Q2,subject,2,0.0048447404849149
dateblock5,social_overload,Q2,dateblock,0,0.0010374683594031042
dateblock5,social_overload,Q2,dateblock,1,-0.0038708124573365588
dateblock5,social_overload,Q2,dateblock,2,-0.008078575867039972
dateblock5,social_overload,Q3,row,0,0.002604333448950613
dateblock5,social_overload,Q3,row,1,0.0035519762845696023
dateblock5,social_overload,Q3,row,2,0.001281145062172362
dateblock5,social_overload,Q3,subject,0,0.004528654481062655
dateblock5,social_overload,Q3,subject,1,-0.004640293117953442
dateblock5,social_overload,Q3,subject,2,0.0010174886810777606
dateblock5,social_overload,Q3,dateblock,0,0.0022784364525008094
dateblock5,social_overload,Q3,dateblock,1,0.004364736281799453
dateblock5,social_overload,Q3,dateblock,2,-0.006350250596380169
dateblock5,social_overload,S1,row,0,0.0045764281580189525
dateblock5,social_overload,S1,row,1,0.0018525259121264792
dateblock5,social_overload,S1,row,2,0.0036443476634502314
dateblock5,social_overload,S1,subject,0,-0.0029272504324856508
dateblock5,social_overload,S1,subject,1,0.0010073040629094976
dateblock5,social_overload,S1,subject,2,0.0005707391729038447
dateblock5,social_overload,S1,dateblock,0,0.00086985743369139
dateblock5,social_overload,S1,dateblock,1,0.001351343751292533
dateblock5,social_overload,S1,dateblock,2,0.0012061056901601086
dateblock5,social_overload,S2,row,0,0.003483583001514523
dateblock5,social_overload,S2,row,1,0.0016273967231604791
dateblock5,social_overload,S2,row,2,0.001783529000149775
dateblock5,social_overload,S2,subject,0,0.0034825692995850144
dateblock5,social_overload,S2,subject,1,0.0010096668605702463
dateblock5,social_overload,S2,subject,2,0.0011849842742117644
dateblock5,social_overload,S2,dateblock,0,0.002790210710313268
dateblock5,social_overload,S2,dateblock,1,-7.939334077700089e-05
dateblock5,social_overload,S2,dateblock,2,-0.002340268884900021
dateblock5,social_overload,S3,row,0,0.003711637129553469
dateblock5,social_overload,S3,row,1,0.0003860892256490889
dateblock5,social_overload,S3,row,2,0.0018066357193274873
dateblock5,social_overload,S3,subject,0,0.001515777883557612
dateblock5,social_overload,S3,subject,1,-0.0014869451797411282
dateblock5,social_overload,S3,subject,2,0.00022576276342767265
dateblock5,social_overload,S3,dateblock,0,0.004866693737460626
dateblock5,social_overload,S3,dateblock,1,0.0049898376007807554
dateblock5,social_overload,S3,dateblock,2,-0.0004944321911777294
dateblock5,social_overload,S4,row,0,-4.143016873880967e-05
dateblock5,social_overload,S4,row,1,-0.0002501583249940875
dateblock5,social_overload,S4,row,2,0.0014107838622934299
dateblock5,social_overload,S4,subject,0,0.00025376834008694615
dateblock5,social_overload,S4,subject,1,-0.001389935278235499
dateblock5,social_overload,S4,subject,2,0.0007766298977102126
dateblock5,social_overload,S4,dateblock,0,0.008650920666147588
dateblock5,social_overload,S4,dateblock,1,0.008372131357075707
dateblock5,social_overload,S4,dateblock,2,0.0010621246730120326
dateblock5,measurement_wear_confidence,Q1,row,0,0.005275631347522403
dateblock5,measurement_wear_confidence,Q1,row,1,-0.00010254226348382911
dateblock5,measurement_wear_confidence,Q1,row,2,0.0019056329664208782
dateblock5,measurement_wear_confidence,Q1,subject,0,0.0005808193318960209
dateblock5,measurement_wear_confidence,Q1,subject,1,0.004953419413877835
dateblock5,measurement_wear_confidence,Q1,subject,2,0.0020887062959981106
dateblock5,measurement_wear_confidence,Q1,dateblock,0,-0.002148900660897457
dateblock5,measurement_wear_confidence,Q1,dateblock,1,0.0021339067751796614
dateblock5,measurement_wear_confidence,Q1,dateblock,2,0.0012749223225211326
dateblock5,measurement_wear_confidence,Q2,row,0,0.002043419683158687
dateblock5,measurement_wear_confidence,Q2,row,1,0.003807318832181328
dateblock5,measurement_wear_confidence,Q2,row,2,0.0023702811327074302
dateblock5,measurement_wear_confidence,Q2,subject,0,0.0032391568570108165
dateblock5,measurement_wear_confidence,Q2,subject,1,-0.0015929162599205293
dateblock5,measurement_wear_confidence,Q2,subject,2,0.0017099647914200489
dateblock5,measurement_wear_confidence,Q2,dateblock,0,0.000902347509558421
dateblock5,measurement_wear_confidence,Q2,dateblock,1,7.928155568637241e-05
dateblock5,measurement_wear_confidence,Q2,dateblock,2,0.002330080768652154
dateblock5,measurement_wear_confidence,Q3,row,0,0.0010908980276674862
dateblock5,measurement_wear_confidence,Q3,row,1,0.0033363268206824115
dateblock5,measurement_wear_confidence,Q3,row,2,0.0018275212419190945
dateblock5,measurement_wear_confidence,Q3,subject,0,0.0009016893377984392
dateblock5,measurement_wear_confidence,Q3,subject,1,0.0033902010695233686
dateblock5,measurement_wear_confidence,Q3,subject,2,0.0021282768711741173
dateblock5,measurement_wear_confidence,Q3,dateblock,0,0.0008826799833610011
dateblock5,measurement_wear_confidence,Q3,dateblock,1,0.0031053090101323955
dateblock5,measurement_wear_confidence,Q3,dateblock,2,0.0012243124256094973
dateblock5,measurement_wear_confidence,S1,row,0,0.0017735560914255988
dateblock5,measurement_wear_confidence,S1,row,1,-0.0006992903940997719
dateblock5,measurement_wear_confidence,S1,row,2,0.0029060958169458972
dateblock5,measurement_wear_confidence,S1,subject,0,0.0013977425075010208
dateblock5,measurement_wear_confidence,S1,subject,1,-0.0013328092851759843
dateblock5,measurement_wear_confidence,S1,subject,2,0.0017989793516077768
dateblock5,measurement_wear_confidence,S1,dateblock,0,-4.1566527774095086e-05
dateblock5,measurement_wear_confidence,S1,dateblock,1,0.00108193683549207
dateblock5,measurement_wear_confidence,S1,dateblock,2,0.0002479240768050728
dateblock5,measurement_wear_confidence,S2,row,0,0.0018765397140768636
dateblock5,measurement_wear_confidence,S2,row,1,-0.0011412354722191154
dateblock5,measurement_wear_confidence,S2,row,2,0.0005623904031984983
dateblock5,measurement_wear_confidence,S2,subject,0,0.005199509600851915
dateblock5,measurement_wear_confidence,S2,subject,1,0.004165046981132292
dateblock5,measurement_wear_confidence,S2,subject,2,0.003818609560063968
dateblock5,measurement_wear_confidence,S2,dateblock,0,0.0012616316513012205
dateblock5,measurement_wear_confidence,S2,dateblock,1,0.004581893879297416
dateblock5,measurement_wear_confidence,S2,dateblock,2,0.0007821261308871286
dateblock5,measurement_wear_confidence,S3,row,0,0.0036046628713193307
dateblock5,measurement_wear_confidence,S3,row,1,0.002760429155931665
dateblock5,measurement_wear_confidence,S3,row,2,1.9635594000422252e-05
dateblock5,measurement_wear_confidence,S3,subject,0,0.0006073496540635048
dateblock5,measurement_wear_confidence,S3,subject,1,-0.0010822508914613005
dateblock5,measurement_wear_confidence,S3,subject,2,0.0044781758925646065
dateblock5,measurement_wear_confidence,S3,dateblock,0,-0.0008779447085847103
dateblock5,measurement_wear_confidence,S3,dateblock,1,0.0032597956059523536
dateblock5,measurement_wear_confidence,S3,dateblock,2,0.00022405045940099289
dateblock5,measurement_wear_confidence,S4,row,0,-0.007382023910291302
dateblock5,measurement_wear_confidence,S4,row,1,-0.0012210990839421898
dateblock5,measurement_wear_confidence,S4,row,2,5.589528610983052e-05
dateblock5,measurement_wear_confidence,S4,subject,0,0.006743900800548319
dateblock5,measurement_wear_confidence,S4,subject,1,-0.0021421873904403643
dateblock5,measurement_wear_confidence,S4,subject,2,0.0031108822785362866
dateblock5,measurement_wear_confidence,S4,dateblock,0,0.002269671154636943
dateblock5,measurement_wear_confidence,S4,dateblock,1,0.004007525492698449
dateblock5,measurement_wear_confidence,S4,dateblock,2,0.0024560183836889182
dateblock5,badnight_aftereffect,Q1,row,0,0.0016287081678857396
dateblock5,badnight_aftereffect,Q1,row,1,0.0009212785889336494
dateblock5,badnight_aftereffect,Q1,row,2,0.002911548215561055
dateblock5,badnight_aftereffect,Q1,subject,0,0.004734484351447965
dateblock5,badnight_aftereffect,Q1,subject,1,0.003298816914655389
dateblock5,badnight_aftereffect,Q1,subject,2,0.0010001021700672963
dateblock5,badnight_aftereffect,Q1,dateblock,0,0.0032144033307938136
dateblock5,badnight_aftereffect,Q1,dateblock,1,0.0023243131470219724
dateblock5,badnight_aftereffect,Q1,dateblock,2,0.0028321340457725386
dateblock5,badnight_aftereffect,Q2,row,0,0.0007625560113373453
dateblock5,badnight_aftereffect,Q2,row,1,0.0018744626264203257
dateblock5,badnight_aftereffect,Q2,row,2,0.0008091681877654411
dateblock5,badnight_aftereffect,Q2,subject,0,0.0012952218397662696
dateblock5,badnight_aftereffect,Q2,subject,1,5.198507195602886e-05
dateblock5,badnight_aftereffect,Q2,subject,2,0.0020609387808929736
dateblock5,badnight_aftereffect,Q2,dateblock,0,-0.0008372991917107164
dateblock5,badnight_aftereffect,Q2,dateblock,1,0.008274910754676457
dateblock5,badnight_aftereffect,Q2,dateblock,2,0.00402658611673401
dateblock5,badnight_aftereffect,Q3,row,0,0.0031536216267357142
dateblock5,badnight_aftereffect,Q3,row,1,0.004296225364874062
dateblock5,badnight_aftereffect,Q3,row,2,0.002697061845321369
dateblock5,badnight_aftereffect,Q3,subject,0,-0.0016666590573588547
dateblock5,badnight_aftereffect,Q3,subject,1,0.002967450958620388
dateblock5,badnight_aftereffect,Q3,subject,2,-0.0003586507070644229
dateblock5,badnight_aftereffect,Q3,dateblock,0,-0.0015447695646338966
dateblock5,badnight_aftereffect,Q3,dateblock,1,-0.004909783885244101
dateblock5,badnight_aftereffect,Q3,dateblock,2,-0.00024643279703218113
dateblock5,badnight_aftereffect,S1,row,0,0.0026340889954038493
dateblock5,badnight_aftereffect,S1,row,1,0.002946124728699817
dateblock5,badnight_aftereffect,S1,row,2,0.005632737255235165
dateblock5,badnight_aftereffect,S1,subject,0,0.0023711620616401197
dateblock5,badnight_aftereffect,S1,subject,1,0.0033126934982421474
dateblock5,badnight_aftereffect,S1,subject,2,0.0010822458805607171
dateblock5,badnight_aftereffect,S1,dateblock,0,0.0009597455323253623
dateblock5,badnight_aftereffect,S1,dateblock,1,0.002965442735512247
dateblock5,badnight_aftereffect,S1,dateblock,2,0.0018644809411936247
dateblock5,badnight_aftereffect,S2,row,0,0.0044952761751870796
dateblock5,badnight_aftereffect,S2,row,1,0.011333765400776241
dateblock5,badnight_aftereffect,S2,row,2,0.0025819442531207493
dateblock5,badnight_aftereffect,S2,subject,0,0.0020337328075877847
dateblock5,badnight_aftereffect,S2,subject,1,0.0074026364653088095
dateblock5,badnight_aftereffect,S2,subject,2,0.0018052142357950496
dateblock5,badnight_aftereffect,S2,dateblock,0,-0.0017856356141202623
dateblock5,badnight_aftereffect,S2,dateblock,1,0.001958825956057675
dateblock5,badnight_aftereffect,S2,dateblock,2,0.0008968778403088962
dateblock5,badnight_aftereffect,S3,row,0,0.005494029153001345
dateblock5,badnight_aftereffect,S3,row,1,0.0007877099720886571
dateblock5,badnight_aftereffect,S3,row,2,0.003044497504948729
dateblock5,badnight_aftereffect,S3,subject,0,-0.003466983630196263
dateblock5,badnight_aftereffect,S3,subject,1,0.0013459127325904374
dateblock5,badnight_aftereffect,S3,subject,2,0.001727304586984335
dateblock5,badnight_aftereffect,S3,dateblock,0,0.000530125601147069
dateblock5,badnight_aftereffect,S3,dateblock,1,0.003349185022668677
dateblock5,badnight_aftereffect,S3,dateblock,2,0.0015023648475228635
dateblock5,badnight_aftereffect,S4,row,0,0.0012265155451476328
dateblock5,badnight_aftereffect,S4,row,1,0.0020967667622326935
dateblock5,badnight_aftereffect,S4,row,2,0.0028805544361054647
dateblock5,badnight_aftereffect,S4,subject,0,0.0007559391559448514
dateblock5,badnight_aftereffect,S4,subject,1,0.0001677792233575337
dateblock5,badnight_aftereffect,S4,subject,2,0.0038361950579592907
dateblock5,badnight_aftereffect,S4,dateblock,0,0.006430227666103794
dateblock5,badnight_aftereffect,S4,dateblock,1,0.00249726027902919
dateblock5,badnight_aftereffect,S4,dateblock,2,-0.0022078924083618334
